model,n,R2,RMSE,MAE,mean_residual,R2_scaled
Extra Trees,876,0.9373641514952052,1.1480340997207745,0.8965487380099015,0.008267254071280431,0.9373641514952052
Linear Regression,876,0.9339388414614755,1.1790070400897434,0.933261300263,0.00017534484728692266,0.9339388414614755
Lasso,876,0.9339366431744353,1.1790266565662995,0.9330724073933823,0.00016787814340431915,0.9339386947986456
Bayesian Ridge,876,0.9339348921300173,1.1790422818271442,0.9330851375881591,0.0001706673871536998,0.9339397765622188
Elastic Net,876,0.9339313003724727,1.179074331850148,0.9329047308202919,0.0001585723451437539,0.9339398904029412
Ridge,876,0.933907027086817,1.1792909047507882,0.9327533006545816,0.00014398112051498867,0.9339410889449009
Huber,876,0.933755797582505,1.1806393209984345,0.9335117273370691,-0.009203657299205139,0.9337558644962277
SVR (linear),876,0.9337142371172369,1.1810096192587096,0.9326759181272656,-0.004229321077254204,0.9338139859572301
Theil-Sen,876,0.9335893156087964,1.1821219550912896,0.9352029708062574,-0.015358030263109938,0.9335201016104353
RANSAC,876,0.9325968122222329,1.1909225640137049,0.943068501731062,-0.011355688619356284,0.9325968122222329
Gradient Boosting,876,0.9320653884726043,1.1956081137144976,0.9485817755712251,0.013331028074149424,0.9321281619095042
Hist. Gradient Boosting,876,0.9306500048843114,1.2079988556483972,0.9509961590851179,-0.007724344379135839,0.9304145588427059
Random Forest,876,0.9305670797114444,1.2087208714615316,0.9417929657298016,0.025815897073457352,0.9305380573234704
Multilayer Perceptron,876,0.9220250812467764,1.2809163552092264,1.005381275243478,0.0068366183862368255,0.9343359885097625
k-Nearest Neighbours,876,0.9215325641665523,1.284955346995349,1.0053692650576211,0.027806860186997257,0.9286834911661042
AdaBoost,876,0.919938103646315,1.2979448565809282,1.045133153025768,0.06000140408140518,0.9193969915866624
SVR (RBF),876,0.9158266690035882,1.3308544540001248,1.0464731999046533,-0.05107678761814561,0.930963947527494
Orthogonal Matching Pursuit,876,0.9102115621378342,1.3745277538577092,1.100387806314052,-8.416126389245624e-05,0.9102115621378342
Decision Tree,876,0.8917225298519765,1.5094278387438236,1.1554774110688344,0.05513138830961933,0.8921412023526576
Passive Aggressive,876,0.8382927337510347,1.8446249268113861,1.4931274255114808,-0.20305799797237978,0.8081531173965737
