Month,Year,LST,Coverage,z,rank
August,2000,22.3,91,-1.13,22
August,2001,22.3,97,-1.13,22
August,2002,24.5,99,0.02,13
August,2003,26.8,88,1.22,5
August,2004,20.9,92,-1.86,25
August,2005,21.4,55,-1.6,24
August,2006,24.7,31,0.12,12
August,2007,25.1,94,0.33,9
August,2008,22.8,73,-0.87,20
August,2009,23.2,98,-0.66,17
August,2010,24.8,91,0.17,11
August,2011,23.0,93,-0.77,19
August,2012,23.1,42,-0.71,18
August,2013,26.9,99,1.27,3
August,2014,24.5,94,0.02,13
August,2015,28.1,100,1.89,1
August,2016,23.7,85,-0.4,16
August,2017,26.9,99,1.27,3
August,2018,25.2,100,0.38,8
August,2019,24.5,100,0.02,13
August,2020,26.5,99,1.06,6
August,2021,22.6,87,-0.97,21
August,2022,25.8,100,0.69,7
August,2023,25.1,98,0.33,9
August,2024,27.0,100,1.32,2
