river_km_bin_centre,May,June,July,August,September,October,November
642.5,17.16,20.348,21.591,21.625,16.829,11.689,9.252
647.5,16.824,20.433,20.952,21.211,16.652,12.314,8.227
652.5,16.641,19.768,21.276,21.419,16.934,12.233,8.348
657.5,16.813,20.448,21.237,21.15,17.27,12.021,8.286
662.5,17.575,20.791,21.027,21.342,17.15,11.95,8.389
667.5,17.756,20.807,21.255,21.317,17.346,11.737,8.5
672.5,17.978,21.172,21.955,21.4,17.612,12.011,8.475
677.5,17.386,20.964,21.297,20.934,17.502,12.137,8.515
682.5,17.062,20.677,21.459,20.874,17.88,12.112,8.505
687.5,17.37,20.648,21.739,21.036,18.073,12.33,8.555
692.5,17.442,20.598,21.902,20.752,17.843,11.973,8.659
697.5,17.978,21.625,22.633,21.269,18.12,11.981,8.746
702.5,17.572,21.054,22.078,21.383,17.937,11.774,8.46
707.5,17.649,21.513,22.625,21.567,17.968,12.034,8.46
712.5,17.315,20.86,21.985,21.208,17.542,11.841,8.356
717.5,17.27,21.053,22.062,21.486,17.444,12.017,8.466
722.5,18.435,21.777,22.365,21.759,17.779,12.131,8.397
727.5,17.494,20.942,21.894,21.189,17.202,11.851,8.272
732.5,17.433,21.256,22.251,21.497,17.453,11.833,8.347
737.5,17.35,21.167,21.762,21.273,17.427,11.856,8.285
742.5,17.615,20.973,21.53,21.698,17.581,12.061,8.234
747.5,17.106,20.611,21.482,21.581,17.794,12.01,8.246
752.5,17.207,20.727,21.544,21.176,17.757,11.847,8.433
757.5,18.377,21.756,22.283,21.885,18.109,12.085,8.467
762.5,19.395,22.762,23.313,22.432,18.566,12.517,8.478
767.5,17.321,20.659,21.892,20.732,17.493,12.024,8.302
772.5,17.37,20.996,21.694,20.935,17.375,11.908,8.124
777.5,17.774,21.472,21.776,21.204,17.435,12.17,8.199
782.5,16.871,20.796,21.422,21.068,17.374,12.003,8.127
787.5,19.201,22.949,23.292,22.502,18.79,13.774,8.752
792.5,17.039,20.718,21.689,21.115,17.73,12.242,8.333
797.5,17.062,20.775,21.874,21.304,17.701,12.226,8.312
802.5,18.013,21.226,22.419,21.827,17.929,12.095,8.308
807.5,18.448,21.63,22.654,22.123,18.167,12.439,8.617
812.5,19.383,22.463,23.438,22.365,18.693,12.803,8.768
817.5,18.261,22.039,23.153,21.755,17.735,12.257,8.656
822.5,17.485,21.139,22.191,21.092,17.378,11.961,8.623
827.5,17.226,20.602,22.301,21.217,17.404,12.06,8.571
832.5,17.311,20.765,22.392,21.284,17.31,12.019,8.508
837.5,17.019,20.708,22.31,21.397,17.138,12.032,8.532
842.5,16.61,20.441,22.453,21.329,17.506,12.223,8.349
847.5,19.057,22.382,24.249,22.733,18.972,13.325,8.66
852.5,18.092,21.561,23.167,22.168,18.186,12.622,9.128
857.5,17.243,21.079,22.647,21.555,17.577,12.486,8.837
862.5,17.017,20.713,22.407,21.588,17.785,12.255,8.46
867.5,19.012,22.332,23.956,22.977,18.895,13.067,8.686
872.5,18.788,21.816,23.224,21.805,18.332,12.895,8.58
877.5,17.105,20.361,21.99,20.365,17.465,12.258,8.295
882.5,16.347,20.79,22.42,21.636,17.618,12.386,8.309
887.5,16.486,20.514,22.083,21.101,17.207,12.306,8.33
892.5,18.302,22.465,23.732,22.462,18.223,12.85,8.639
897.5,17.525,21.238,22.853,21.717,17.513,12.479,8.198
902.5,16.668,20.306,21.862,21.059,17.018,12.039,8.219
907.5,18.564,21.929,23.134,22.153,18.083,12.83,
912.5,17.217,20.557,21.906,20.974,17.241,12.432,
917.5,17.215,20.485,21.669,21.003,17.077,12.567,
922.5,17.406,20.93,21.531,21.21,17.263,12.703,
927.5,17.842,21.469,22.176,21.503,17.493,12.877,
932.5,18.502,21.971,22.848,21.783,18.061,13.075,
937.5,17.384,20.936,22.046,21.039,17.222,12.445,
942.5,16.072,19.706,20.879,20.339,16.523,12.12,
