Date,Station,Latitude,Longitude,Satellite_LST,InSitu_Temp,sensor
2000-05-05,Chelmno,53.36861855048561,18.416540275642696,18.839,18.1,L7
2000-05-13,Chelmno,53.36861855048561,18.416540275642696,16.987,17.52857142857143,L5
2000-05-22,Chelmno,53.36861855048561,18.416540275642696,18.566,17.700000000000003,L5
2000-05-30,Chelmno,53.36861855048561,18.416540275642696,18.952,17.7,L7
2000-06-14,Chelmno,53.36861855048561,18.416540275642696,22.791,20.214285714285715,L5
2000-07-24,Chelmno,53.36861855048561,18.416540275642696,19.848,17.785714285714285,L7
2000-08-17,Chelmno,53.36861855048561,18.416540275642696,21.799,21.24285714285714,L5
2000-08-18,Chelmno,53.36861855048561,18.416540275642696,22.944,21.37142857142857,L7
2000-09-10,Chelmno,53.36861855048561,18.416540275642696,18.542,15.871428571428572,L7
2000-10-21,Chelmno,53.36861855048561,18.416540275642696,10.811,11.114285714285712,L7
2000-11-06,Chelmno,53.36861855048561,18.416540275642696,9.002,8.371428571428572,L7
2001-05-08,Chelmno,53.36861855048561,18.416540275642696,17.718,15.214285714285714,L7
2001-05-09,Chelmno,53.36861855048561,18.416540275642696,17.944,15.671428571428567,L5
2001-05-24,Chelmno,53.36861855048561,18.416540275642696,18.839,15.55714285714286,L7
2001-05-25,Chelmno,53.36861855048561,18.416540275642696,17.923,15.7,L5
2001-06-09,Chelmno,53.36861855048561,18.416540275642696,18.077,15.5,L7
2001-07-04,Chelmno,53.36861855048561,18.416540275642696,21.683,20.728571428571428,L7
2001-07-27,Chelmno,53.36861855048561,18.416540275642696,21.167,21.285714285714285,L7
2001-07-28,Chelmno,53.36861855048561,18.416540275642696,24.025,21.371428571428574,L5
2001-08-20,Chelmno,53.36861855048561,18.416540275642696,22.408,22.22857142857143,L5
2001-09-06,Chelmno,53.36861855048561,18.416540275642696,19.646,16.957142857142856,L7
2001-09-29,Chelmno,53.36861855048561,18.416540275642696,13.839,13.1,L7
2001-10-08,Chelmno,53.36861855048561,18.416540275642696,14.82,13.542857142857144,L7
2001-10-24,Chelmno,53.36861855048561,18.416540275642696,9.628,8.785714285714286,L7
2001-10-31,Chelmno,53.36861855048561,18.416540275642696,9.874,8.114285714285716,L7
2001-11-16,Chelmno,53.36861855048561,18.416540275642696,3.913,4.128571428571429,L7
2001-11-17,Chelmno,53.36861855048561,18.416540275642696,2.05,4.228571428571429,L5
2001-11-25,Chelmno,53.36861855048561,18.416540275642696,3.301,2.4285714285714293,L7
2002-05-04,Chelmno,53.36861855048561,18.416540275642696,18.624,16.785714285714285,L7
2002-05-11,Chelmno,53.36861855048561,18.416540275642696,20.682,19.385714285714283,L7
2002-06-05,Chelmno,53.36861855048561,18.416540275642696,20.661,18.61428571428571,L7
2002-07-14,Chelmno,53.36861855048561,18.416540275642696,26.246,22.542857142857144,L7
2002-08-08,Chelmno,53.36861855048561,18.416540275642696,23.789,22.942857142857143,L7
2002-08-15,Chelmno,53.36861855048561,18.416540275642696,23.816,22.4,L7
2002-08-24,Chelmno,53.36861855048561,18.416540275642696,22.818,22.05714285714286,L7
2002-09-09,Chelmno,53.36861855048561,18.416540275642696,21.075,20.428571428571438,L7
2002-09-25,Chelmno,53.36861855048561,18.416540275642696,13.89,13.128571428571428,L7
2002-11-03,Chelmno,53.36861855048561,18.416540275642696,6.634,6.714285714285714,L7
2003-05-30,Chelmno,53.36861855048561,18.416540275642696,21.321,19.542857142857144,L7
2003-10-13,Chelmno,53.36861855048561,18.416540275642696,11.819,10.085714285714284,L5
2003-10-22,Chelmno,53.36861855048561,18.416540275642696,5.878,6.971428571428571,L5
2003-11-06,Chelmno,53.36861855048561,18.416540275642696,4.631,5.6571428571428575,L7
2004-05-01,Chelmno,53.36861855048561,18.416540275642696,14.051,14.0,L5
2004-05-16,Chelmno,53.36861855048561,18.416540275642696,15.192,14.900000000000002,L7
2004-08-21,Chelmno,53.36861855048561,18.416540275642696,21.964,21.11428571428571,L5
2004-08-29,Chelmno,53.36861855048561,18.416540275642696,20.791,19.942857142857143,L7
2004-09-06,Chelmno,53.36861855048561,18.416540275642696,19.178,18.557142857142857,L5
2004-11-09,Chelmno,53.36861855048561,18.416540275642696,8.045,8.314285714285715,L5
2004-11-16,Chelmno,53.36861855048561,18.416540275642696,6.432,5.914285714285714,L5
2005-05-19,Chelmno,53.36861855048561,18.416540275642696,13.818,13.842857142857143,L7
2005-05-20,Chelmno,53.36861855048561,18.416540275642696,14.758,14.2,L5
2005-06-21,Chelmno,53.36861855048561,18.416540275642696,18.771,19.82857142857143,L5
2005-07-14,Chelmno,53.36861855048561,18.416540275642696,25.634,22.985714285714284,L5
2005-09-01,Chelmno,53.36861855048561,18.416540275642696,21.304,19.728571428571428,L7
2005-09-08,Chelmno,53.36861855048561,18.416540275642696,22.011,20.285714285714285,L7
2005-09-09,Chelmno,53.36861855048561,18.416540275642696,22.459,20.22857142857143,L5
2005-09-17,Chelmno,53.36861855048561,18.416540275642696,16.31,16.499999999999996,L7
2005-09-24,Chelmno,53.36861855048561,18.416540275642696,17.418,15.728571428571428,L7
2005-09-25,Chelmno,53.36861855048561,18.416540275642696,17.749,15.714285714285714,L5
2005-10-10,Chelmno,53.36861855048561,18.416540275642696,14.748,13.085714285714284,L7
2006-05-07,Chelmno,53.36861855048561,18.416540275642696,16.652,15.042857142857144,L5
2006-05-22,Chelmno,53.36861855048561,18.416540275642696,16.823,16.985714285714284,L7
2006-05-23,Chelmno,53.36861855048561,18.416540275642696,18.641,17.12857142857143,L5
2006-05-30,Chelmno,53.36861855048561,18.416540275642696,15.305,15.642857142857142,L5
2006-06-16,Chelmno,53.36861855048561,18.416540275642696,17.964,18.47142857142857,L7
2006-07-02,Chelmno,53.36861855048561,18.416540275642696,24.226,22.871428571428574,L7
2006-07-10,Chelmno,53.36861855048561,18.416540275642696,28.41,24.585714285714285,L5
2006-07-17,Chelmno,53.36861855048561,18.416540275642696,22.227,23.38571428571429,L5
2006-09-11,Chelmno,53.36861855048561,18.416540275642696,17.035,17.585714285714285,L7
2006-09-12,Chelmno,53.36861855048561,18.416540275642696,17.899,17.514285714285716,L5
2006-09-19,Chelmno,53.36861855048561,18.416540275642696,20.535,18.38571428571429,L5
2007-05-02,Chelmno,53.36861855048561,18.416540275642696,10.206,12.1,L7
2007-05-25,Chelmno,53.36861855048561,18.416540275642696,21.861,19.3,L7
2007-06-10,Chelmno,53.36861855048561,18.416540275642696,26.12,22.571428571428573,L7
2007-06-11,Chelmno,53.36861855048561,18.416540275642696,23.922,23.071428571428573,L5
2007-08-05,Chelmno,53.36861855048561,18.416540275642696,20.559,20.357142857142858,L5
2007-08-14,Chelmno,53.36861855048561,18.416540275642696,22.61,22.0,L5
2007-09-06,Chelmno,53.36861855048561,18.416540275642696,16.645,16.62857142857143,L5
2007-09-14,Chelmno,53.36861855048561,18.416540275642696,15.722,15.428571428571429,L7
2007-09-15,Chelmno,53.36861855048561,18.416540275642696,15.671,15.4,L5
2008-06-21,Chelmno,53.36861855048561,18.416540275642696,22.756,19.4,L7
2008-07-31,Chelmno,53.36861855048561,18.416540275642696,23.016,23.01428571428572,L5
2008-08-31,Chelmno,53.36861855048561,18.416540275642696,19.745,18.885714285714283,L7
2008-09-25,Chelmno,53.36861855048561,18.416540275642696,13.22,12.985714285714286,L7
2008-10-11,Chelmno,53.36861855048561,18.416540275642696,11.87,11.771428571428572,L7
2009-05-07,Chelmno,53.36861855048561,18.416540275642696,14.936,16.04285714285714,L7
2009-05-15,Chelmno,53.36861855048561,18.416540275642696,15.497,16.014285714285716,L5
2009-06-15,Chelmno,53.36861855048561,18.416540275642696,17.175,17.885714285714283,L7
2009-07-02,Chelmno,53.36861855048561,18.416540275642696,22.876,21.37142857142857,L5
2009-07-17,Chelmno,53.36861855048561,18.416540275642696,23.512,22.457142857142856,L7
2009-08-02,Chelmno,53.36861855048561,18.416540275642696,24.185,22.67142857142857,L7
2009-08-19,Chelmno,53.36861855048561,18.416540275642696,20.159,22.300000000000004,L5
2009-09-11,Chelmno,53.36861855048561,18.416540275642696,20.176,19.02857142857143,L5
2009-09-19,Chelmno,53.36861855048561,18.416540275642696,17.171,17.885714285714283,L7
2009-09-20,Chelmno,53.36861855048561,18.416540275642696,18.053,17.814285714285713,L5
2009-10-05,Chelmno,53.36861855048561,18.416540275642696,12.191,14.442857142857145,L7
2009-10-06,Chelmno,53.36861855048561,18.416540275642696,12.475,14.085714285714287,L5
2010-05-02,Chelmno,53.36861855048561,18.416540275642696,15.011,13.3,L5
2010-06-10,Chelmno,53.36861855048561,18.416540275642696,19.297,18.971428571428568,L5
2010-06-18,Chelmno,53.36861855048561,18.416540275642696,21.506,20.057142857142857,L7
2010-07-12,Chelmno,53.36861855048561,18.416540275642696,27.545,22.885714285714283,L5
2010-07-21,Chelmno,53.36861855048561,18.416540275642696,26.021,25.21428571428571,L5
2010-08-22,Chelmno,53.36861855048561,18.416540275642696,24.39,23.371428571428574,L5
2010-09-07,Chelmno,53.36861855048561,18.416540275642696,15.681,16.62857142857143,L5
2010-09-23,Chelmno,53.36861855048561,18.416540275642696,13.808,14.857142857142858,L5
2010-09-30,Chelmno,53.36861855048561,18.416540275642696,13.237,13.8,L5
2010-10-09,Chelmno,53.36861855048561,18.416540275642696,6.073,10.985714285714284,L5
2011-05-20,Chelmno,53.36861855048561,18.416540275642696,19.39,16.185714285714287,L7
2011-06-14,Chelmno,53.36861855048561,18.416540275642696,22.982,20.057142857142857,L7
2011-06-21,Chelmno,53.36861855048561,18.416540275642696,20.75,19.08571428571429,L7
2011-06-29,Chelmno,53.36861855048561,18.416540275642696,23.006,20.185714285714287,L5
2011-07-08,Chelmno,53.36861855048561,18.416540275642696,21.143,20.285714285714285,L5
2011-07-15,Chelmno,53.36861855048561,18.416540275642696,22.982,20.15714285714285,L5
2011-08-09,Chelmno,53.36861855048561,18.416540275642696,20.255,20.928571428571427,L5
2011-08-17,Chelmno,53.36861855048561,18.416540275642696,21.355,20.52857142857143,L7
2011-09-02,Chelmno,53.36861855048561,18.416540275642696,19.4,20.428571428571427,L7
2011-09-25,Chelmno,53.36861855048561,18.416540275642696,15.182,15.342857142857142,L7
2011-10-04,Chelmno,53.36861855048561,18.416540275642696,16.126,15.55714285714286,L7
2011-11-12,Chelmno,53.36861855048561,18.416540275642696,5.017,7.057142857142858,L7
2012-05-22,Chelmno,53.36861855048561,18.416540275642696,21.095,17.25714285714286,L7
2012-07-09,Chelmno,53.36861855048561,18.416540275642696,24.349,24.528571428571432,L7
2012-07-25,Chelmno,53.36861855048561,18.416540275642696,23.43,20.6,L7
2012-09-04,Chelmno,53.36861855048561,18.416540275642696,20.135,19.542857142857144,L7
2012-09-11,Chelmno,53.36861855048561,18.416540275642696,20.026,19.042857142857144,L7
2012-10-29,Chelmno,53.36861855048561,18.416540275642696,6.394,8.771428571428572,L7
2013-05-17,Chelmno,53.36861855048561,18.416540275642696,19.414,16.342857142857145,L8
2013-06-03,Chelmno,53.36861855048561,18.416540275642696,18.211,16.7,L7
2013-06-11,Chelmno,53.36861855048561,18.416540275642696,22.507,19.471428571428568,L8
2013-07-04,Chelmno,53.36861855048561,18.416540275642696,21.56,19.928571428571427,L8
2013-08-05,Chelmno,53.36861855048561,18.416540275642696,24.712,20.74285714285714,L8
2013-10-09,Chelmno,53.36861855048561,18.416540275642696,11.395,10.285714285714286,L7
2013-10-25,Chelmno,53.36861855048561,18.416540275642696,6.798,10.5,L7
2013-11-10,Chelmno,53.36861855048561,18.416540275642696,8.312,6.685714285714285,L7
2014-05-20,Chelmno,53.36861855048561,18.416540275642696,19.161,15.100000000000003,L8
2014-06-05,Chelmno,53.36861855048561,18.416540275642696,19.68,17.67142857142857,L8
2014-07-07,Chelmno,53.36861855048561,18.416540275642696,23.864,19.485714285714288,L8
2014-07-15,Chelmno,53.36861855048561,18.416540275642696,24.083,20.1,L7
2014-07-16,Chelmno,53.36861855048561,18.416540275642696,24.165,20.17142857142857,L8
2014-08-08,Chelmno,53.36861855048561,18.416540275642696,25.915,22.02857142857143,L8
2014-08-09,Chelmno,53.36861855048561,18.416540275642696,25.867,21.842857142857145,L7
2014-08-25,Chelmno,53.36861855048561,18.416540275642696,17.065,16.914285714285718,L7
2014-09-18,Chelmno,53.36861855048561,18.416540275642696,20.026,17.214285714285715,L8
2014-10-03,Chelmno,53.36861855048561,18.416540275642696,15.278,13.742857142857144,L7
2014-10-04,Chelmno,53.36861855048561,18.416540275642696,15.196,13.371428571428572,L8
2014-10-19,Chelmno,53.36861855048561,18.416540275642696,13.781,12.428571428571429,L7
2014-11-04,Chelmno,53.36861855048561,18.416540275642696,6.958,7.928571428571428,L7
2014-11-05,Chelmno,53.36861855048561,18.416540275642696,5.519,7.899999999999999,L8
2015-05-07,Chelmno,53.36861855048561,18.416540275642696,17.291,14.285714285714285,L8
2015-05-23,Chelmno,53.36861855048561,18.416540275642696,16.888,15.728571428571428,L8
2015-05-24,Chelmno,53.36861855048561,18.416540275642696,18.05,15.914285714285713,L7
2015-06-17,Chelmno,53.36861855048561,18.416540275642696,20.261,18.38571428571429,L8
2015-07-02,Chelmno,53.36861855048561,18.416540275642696,21.875,20.07142857142857,L7
2015-07-03,Chelmno,53.36861855048561,18.416540275642696,25.084,20.61428571428571,L8
2015-07-10,Chelmno,53.36861855048561,18.416540275642696,19.544,19.185714285714287,L8
2015-08-03,Chelmno,53.36861855048561,18.416540275642696,22.35,18.442857142857143,L7
2015-08-11,Chelmno,53.36861855048561,18.416540275642696,27.467,23.757142857142856,L8
2015-08-19,Chelmno,53.36861855048561,18.416540275642696,22.189,20.557142857142857,L7
2015-08-20,Chelmno,53.36861855048561,18.416540275642696,23.481,19.95714285714286,L8
2015-09-28,Chelmno,53.36861855048561,18.416540275642696,16.057,13.62857142857143,L8
2015-10-06,Chelmno,53.36861855048561,18.416540275642696,14.659,12.271428571428572,L7
2015-11-08,Chelmno,53.36861855048561,18.416540275642696,6.658,11.014285714285714,L8
2016-05-25,Chelmno,53.36861855048561,18.416540275642696,21.622,18.128571428571423,L8
2016-06-03,Chelmno,53.36861855048561,18.416540275642696,25.043,20.071428571428573,L8
2016-06-18,Chelmno,53.36861855048561,18.416540275642696,21.058,19.071428571428573,L7
2016-06-19,Chelmno,53.36861855048561,18.416540275642696,24.103,19.38571428571429,L8
2016-06-27,Chelmno,53.36861855048561,18.416540275642696,25.47,20.9,L7
2016-07-20,Chelmno,53.36861855048561,18.416540275642696,20.648,19.78571428571429,L7
2016-07-21,Chelmno,53.36861855048561,18.416540275642696,24.031,19.9,L8
2016-09-07,Chelmno,53.36861855048561,18.416540275642696,19.834,17.7,L8
2016-09-22,Chelmno,53.36861855048561,18.416540275642696,16.843,14.77142857142857,L7
2016-11-10,Chelmno,53.36861855048561,18.416540275642696,3.178,6.528571428571429,L8
2017-05-12,Chelmno,53.36861855048561,18.416540275642696,13.894,11.314285714285717,L8
2017-07-15,Chelmno,53.36861855048561,18.416540275642696,18.494,18.385714285714283,L8
2017-07-16,Chelmno,53.36861855048561,18.416540275642696,21.964,18.24285714285714,L7
2017-08-09,Chelmno,53.36861855048561,18.416540275642696,23.696,18.67142857142857,L8
2017-08-24,Chelmno,53.36861855048561,18.416540275642696,19.233,16.9,L7
2017-09-26,Chelmno,53.36861855048561,18.416540275642696,14.485,13.828571428571427,L8
2018-05-23,Chelmno,53.36861855048561,18.416540275642696,21.126,16.84285714285714,L7
2018-06-08,Chelmno,53.36861855048561,18.416540275642696,23.122,19.1,L7
2018-07-26,Chelmno,53.36861855048561,18.416540275642696,24.38,23.185714285714287,L7
2018-08-20,Chelmno,53.36861855048561,18.416540275642696,25.511,20.1,L7
2018-08-27,Chelmno,53.36861855048561,18.416540275642696,20.972,19.557142857142857,L7
2018-09-28,Chelmno,53.36861855048561,18.416540275642696,13.627,15.071428571428571,L7
2018-09-29,Chelmno,53.36861855048561,18.416540275642696,15.247,14.842857142857142,L8
2018-10-06,Chelmno,53.36861855048561,18.416540275642696,13.788,14.014285714285716,L8
2018-10-14,Chelmno,53.36861855048561,18.416540275642696,13.849,13.12857142857143,L7
2018-10-15,Chelmno,53.36861855048561,18.416540275642696,15.244,13.014285714285716,L8
2018-10-31,Chelmno,53.36861855048561,18.416540275642696,9.949,11.385714285714286,L8
2018-11-07,Chelmno,53.36861855048561,18.416540275642696,9.3,10.471428571428572,L8
2019-05-10,Chelmno,53.36861855048561,18.416540275642696,14.933,13.985714285714284,L7
2019-06-03,Chelmno,53.36861855048561,18.416540275642696,22.247,17.985714285714288,L8
2019-06-04,Chelmno,53.36861855048561,18.416540275642696,22.596,18.357142857142858,L7
2019-07-29,Chelmno,53.36861855048561,18.416540275642696,26.274,22.742857142857144,L7
2019-08-15,Chelmno,53.36861855048561,18.416540275642696,24.753,20.7,L8
2019-08-23,Chelmno,53.36861855048561,18.416540275642696,20.757,19.61428571428572,L7
2019-08-30,Chelmno,53.36861855048561,18.416540275642696,27.333,22.242857142857144,L7
2019-08-31,Chelmno,53.36861855048561,18.416540275642696,25.901,22.4,L8
2019-09-24,Chelmno,53.36861855048561,18.416540275642696,14.222,13.885714285714284,L7
2019-11-10,Chelmno,53.36861855048561,18.416540275642696,4.925,9.585714285714284,L8
2020-05-20,Chelmno,53.36861855048561,18.416540275642696,15.196,15.742857142857146,L8
2020-05-29,Chelmno,53.36861855048561,18.416540275642696,17.975,16.657142857142855,L8
2020-06-30,Chelmno,53.36861855048561,18.416540275642696,22.422,23.485714285714288,L8
2020-07-15,Chelmno,53.36861855048561,18.416540275642696,21.837,23.81428571428572,L7
2020-08-08,Chelmno,53.36861855048561,18.416540275642696,27.015,24.457142857142856,L8
2020-08-09,Chelmno,53.36861855048561,18.416540275642696,26.759,24.428571428571423,L7
2020-09-18,Chelmno,53.36861855048561,18.416540275642696,18.908,19.585714285714285,L8
2020-10-11,Chelmno,53.36861855048561,18.416540275642696,12.998,16.642857142857142,L8
2020-10-28,Chelmno,53.36861855048561,18.416540275642696,8.572,11.585714285714287,L7
2020-11-04,Chelmno,53.36861855048561,18.416540275642696,10.151,10.485714285714284,L7
2021-05-24,Chelmno,53.36861855048561,18.416540275642696,17.448,15.157142857142857,L7
2021-05-31,Chelmno,53.36861855048561,18.416540275642696,16.361,15.985714285714286,L7
2021-06-08,Chelmno,53.36861855048561,18.416540275642696,23.59,18.785714285714285,L8
2021-06-16,Chelmno,53.36861855048561,18.416540275642696,22.066,22.74285714285714,L7
2021-06-17,Chelmno,53.36861855048561,18.416540275642696,24.315,23.071428571428573,L8
2021-07-18,Chelmno,53.36861855048561,18.416540275642696,24.924,24.2,L7
2021-08-12,Chelmno,53.36861855048561,18.416540275642696,21.806,20.985714285714284,L7
2021-09-05,Chelmno,53.36861855048561,18.416540275642696,18.344,16.057142857142857,L8
2021-09-20,Chelmno,53.36861855048561,18.416540275642696,16.361,14.4,L7
2021-10-30,Chelmno,53.36861855048561,18.416540275642696,9.091,9.828571428571427,L8
2021-10-31,Chelmno,53.36861855048561,18.416540275642696,8.37,9.771428571428572,unassigned
2021-11-10,Chelmno,53.36861855048561,18.416540275642696,6.89,8.914285714285715,L7
2022-05-03,Chelmno,53.36861855048561,18.416540275642696,14.198,10.95,L8
2022-05-10,Chelmno,53.36861855048561,18.416540275642696,16.683,14.185714285714289,unassigned
2022-05-10,Chelmno,53.36861855048561,18.416540275642696,17.811,14.185714285714289,unassigned
2022-05-15,Chelmno,53.36861855048561,18.416540275642696,17.189,16.585714285714285,L7
2022-05-18,Chelmno,53.36861855048561,18.416540275642696,18.716,16.97142857142857,L9
2022-05-19,Chelmno,53.36861855048561,18.416540275642696,19.943,16.885714285714283,L8
2022-06-04,Chelmno,53.36861855048561,18.416540275642696,20.624,16.5,L8
2022-06-27,Chelmno,53.36861855048561,18.416540275642696,27.019,25.28571428571429,L8
2022-07-05,Chelmno,53.36861855048561,18.416540275642696,23.43,22.757142857142856,unassigned
2022-07-05,Chelmno,53.36861855048561,18.416540275642696,25.429,22.757142857142856,unassigned
2022-07-06,Chelmno,53.36861855048561,18.416540275642696,25.006,22.37142857142857,L8
2022-07-14,Chelmno,53.36861855048561,18.416540275642696,22.63,19.47142857142857,L9
2022-07-22,Chelmno,53.36861855048561,18.416540275642696,24.076,19.37142857142857,unassigned
2022-08-03,Chelmno,53.36861855048561,18.416540275642696,22.572,21.12857142857143,L7
2022-09-06,Chelmno,53.36861855048561,18.416540275642696,18.628,20.442857142857147,L7
2022-09-07,Chelmno,53.36861855048561,18.416540275642696,20.422,20.24285714285714,L9
2022-09-08,Chelmno,53.36861855048561,18.416540275642696,18.655,19.942857142857143,L8
2022-09-23,Chelmno,53.36861855048561,18.416540275642696,13.743,14.37142857142857,unassigned
2022-09-23,Chelmno,53.36861855048561,18.416540275642696,14.663,14.37142857142857,unassigned
2022-10-10,Chelmno,53.36861855048561,18.416540275642696,12.345,11.114285714285714,unassigned
2022-10-10,Chelmno,53.36861855048561,18.416540275642696,13.08,11.114285714285714,unassigned
2022-10-17,Chelmno,53.36861855048561,18.416540275642696,9.925,10.257142857142858,L8
2022-11-03,Chelmno,53.36861855048561,18.416540275642696,9.864,8.771428571428572,L9
2023-05-30,Chelmno,53.36861855048561,18.416540275642696,21.071,22.0,L9
2023-06-06,Chelmno,53.36861855048561,18.416540275642696,24.288,21.857142857142858,L9
2023-06-07,Chelmno,53.36861855048561,18.416540275642696,25.867,21.97142857142857,L8
2023-07-08,Chelmno,53.36861855048561,18.416540275642696,26.684,22.971428571428568,L9
2023-07-15,Chelmno,53.36861855048561,18.416540275642696,22.333,23.571428571428573,L7
2023-07-17,Chelmno,53.36861855048561,18.416540275642696,26.571,23.62857142857143,L9
2023-08-02,Chelmno,53.36861855048561,18.416540275642696,22.145,22.842857142857145,L9
2023-08-18,Chelmno,53.36861855048561,18.416540275642696,27.791,23.485714285714284,L9
2023-08-23,Chelmno,53.36861855048561,18.416540275642696,22.565,23.11428571428571,L7
2023-09-02,Chelmno,53.36861855048561,18.416540275642696,19.099,21.200000000000006,unassigned
2023-09-02,Chelmno,53.36861855048561,18.416540275642696,21.345,21.200000000000006,unassigned
2023-09-10,Chelmno,53.36861855048561,18.416540275642696,23.96,20.6,L9
2023-09-11,Chelmno,53.36861855048561,18.416540275642696,24.007,20.585714285714285,L8
2023-09-18,Chelmno,53.36861855048561,18.416540275642696,22.955,20.7,L8
2023-09-27,Chelmno,53.36861855048561,18.416540275642696,21.711,20.971428571428568,L8
2023-09-29,Chelmno,53.36861855048561,18.416540275642696,18.665,20.32857142857143,L7
2000-05-05,Gdansk_Swibno,54.33642227756871,18.935767171098096,18.467,18.228571428571428,L7
2000-05-13,Gdansk_Swibno,54.33642227756871,18.935767171098096,16.484,18.257142857142856,L5
2000-05-14,Gdansk_Swibno,54.33642227756871,18.935767171098096,18.245,18.38571428571429,L7
2000-05-30,Gdansk_Swibno,54.33642227756871,18.935767171098096,18.744,18.014285714285716,L7
2000-06-22,Gdansk_Swibno,54.33642227756871,18.935767171098096,25.146,21.285714285714285,L7
2000-07-16,Gdansk_Swibno,54.33642227756871,18.935767171098096,18.891,18.857142857142858,L5
2000-08-18,Gdansk_Swibno,54.33642227756871,18.935767171098096,22.367,21.3,L7
2000-10-21,Gdansk_Swibno,54.33642227756871,18.935767171098096,11.019,11.571428571428571,L7
2000-11-06,Gdansk_Swibno,54.33642227756871,18.935767171098096,8.148,9.2,L7
2001-05-01,Gdansk_Swibno,54.33642227756871,18.935767171098096,14.611,12.8,L7
2001-05-08,Gdansk_Swibno,54.33642227756871,18.935767171098096,15.22,14.771428571428572,L7
2001-05-09,Gdansk_Swibno,54.33642227756871,18.935767171098096,15.302,15.05714285714286,L5
2001-05-24,Gdansk_Swibno,54.33642227756871,18.935767171098096,18.17,15.914285714285716,L7
2001-05-25,Gdansk_Swibno,54.33642227756871,18.935767171098096,17.53,16.071428571428573,L5
2001-06-25,Gdansk_Swibno,54.33642227756871,18.935767171098096,15.828,18.785714285714285,L7
2001-07-04,Gdansk_Swibno,54.33642227756871,18.935767171098096,22.199,21.685714285714287,L7
2001-07-27,Gdansk_Swibno,54.33642227756871,18.935767171098096,22.042,22.72857142857143,L7
2001-07-28,Gdansk_Swibno,54.33642227756871,18.935767171098096,22.329,22.95714285714286,L5
2001-08-29,Gdansk_Swibno,54.33642227756871,18.935767171098096,20.008,20.428571428571427,L5
2001-09-06,Gdansk_Swibno,54.33642227756871,18.935767171098096,19.236,18.685714285714287,L7
2001-10-24,Gdansk_Swibno,54.33642227756871,18.935767171098096,10.031,10.7,L7
2002-05-04,Gdansk_Swibno,54.33642227756871,18.935767171098096,19.021,16.685714285714287,L7
2002-05-11,Gdansk_Swibno,54.33642227756871,18.935767171098096,21.013,19.228571428571428,L7
2002-06-05,Gdansk_Swibno,54.33642227756871,18.935767171098096,20.644,18.7,L7
2002-07-14,Gdansk_Swibno,54.33642227756871,18.935767171098096,20.907,22.571428571428577,L7
2002-08-08,Gdansk_Swibno,54.33642227756871,18.935767171098096,22.35,23.071428571428573,L7
2002-08-15,Gdansk_Swibno,54.33642227756871,18.935767171098096,23.379,23.085714285714285,L7
2002-08-24,Gdansk_Swibno,54.33642227756871,18.935767171098096,23.18,22.028571428571432,L7
2002-09-09,Gdansk_Swibno,54.33642227756871,18.935767171098096,21.089,19.74285714285714,L7
2002-09-25,Gdansk_Swibno,54.33642227756871,18.935767171098096,13.295,13.14285714285714,L7
2002-11-12,Gdansk_Swibno,54.33642227756871,18.935767171098096,2.843,4.228571428571429,L7
2003-05-30,Gdansk_Swibno,54.33642227756871,18.935767171098096,18.057,18.714285714285715,L7
2003-07-09,Gdansk_Swibno,54.33642227756871,18.935767171098096,19.239,19.91428571428571,L5
2003-07-18,Gdansk_Swibno,54.33642227756871,18.935767171098096,23.652,21.98571428571429,L5
2003-08-03,Gdansk_Swibno,54.33642227756871,18.935767171098096,24.893,23.4,L5
2003-08-26,Gdansk_Swibno,54.33642227756871,18.935767171098096,18.429,18.842857142857145,L5
2003-09-27,Gdansk_Swibno,54.33642227756871,18.935767171098096,13.459,14.828571428571426,L5
2004-05-01,Gdansk_Swibno,54.33642227756871,18.935767171098096,13.931,14.85,L5
2004-05-16,Gdansk_Swibno,54.33642227756871,18.935767171098096,14.396,14.5,L7
2004-05-17,Gdansk_Swibno,54.33642227756871,18.935767171098096,15.623,14.571428571428571,L5
2004-06-01,Gdansk_Swibno,54.33642227756871,18.935767171098096,13.538,16.47142857142857,L7
2004-07-20,Gdansk_Swibno,54.33642227756871,18.935767171098096,19.65,20.11428571428571,L5
2004-08-12,Gdansk_Swibno,54.33642227756871,18.935767171098096,21.205,21.842857142857145,L5
2004-08-21,Gdansk_Swibno,54.33642227756871,18.935767171098096,21.321,21.828571428571426,L5
2004-08-29,Gdansk_Swibno,54.33642227756871,18.935767171098096,20.032,19.071428571428573,L7
2004-09-06,Gdansk_Swibno,54.33642227756871,18.935767171098096,19.239,18.9,L5
2004-10-07,Gdansk_Swibno,54.33642227756871,18.935767171098096,14.745,13.914285714285713,L7
2004-11-16,Gdansk_Swibno,54.33642227756871,18.935767171098096,5.769,7.1,L5
2005-05-19,Gdansk_Swibno,54.33642227756871,18.935767171098096,13.835,13.87142857142857,L7
2005-05-20,Gdansk_Swibno,54.33642227756871,18.935767171098096,14.164,14.228571428571428,L5
2005-05-27,Gdansk_Swibno,54.33642227756871,18.935767171098096,20.75,18.52857142857143,L5
2005-05-28,Gdansk_Swibno,54.33642227756871,18.935767171098096,20.268,18.9,L7
2005-06-21,Gdansk_Swibno,54.33642227756871,18.935767171098096,17.325,19.885714285714283,L5
2005-07-06,Gdansk_Swibno,54.33642227756871,18.935767171098096,23.505,22.31428571428572,L7
2005-07-07,Gdansk_Swibno,54.33642227756871,18.935767171098096,23.293,22.82857142857143,L5
2005-07-14,Gdansk_Swibno,54.33642227756871,18.935767171098096,24.667,23.857142857142858,L5
2005-07-30,Gdansk_Swibno,54.33642227756871,18.935767171098096,23.539,21.37142857142857,L5
2005-09-09,Gdansk_Swibno,54.33642227756871,18.935767171098096,22.353,20.47142857142857,L5
2005-09-25,Gdansk_Swibno,54.33642227756871,18.935767171098096,16.778,16.814285714285713,L5
2006-05-07,Gdansk_Swibno,54.33642227756871,18.935767171098096,15.715,15.028571428571428,L5
2006-05-22,Gdansk_Swibno,54.33642227756871,18.935767171098096,17.185,17.271428571428572,L7
2006-05-23,Gdansk_Swibno,54.33642227756871,18.935767171098096,16.789,17.442857142857143,L5
2006-06-16,Gdansk_Swibno,54.33642227756871,18.935767171098096,19.202,18.957142857142856,L7
2006-07-10,Gdansk_Swibno,54.33642227756871,18.935767171098096,26.862,25.028571428571432,L5
2006-07-26,Gdansk_Swibno,54.33642227756871,18.935767171098096,25.135,24.057142857142857,L5
2006-09-12,Gdansk_Swibno,54.33642227756871,18.935767171098096,18.32,16.985714285714284,L5
2006-10-21,Gdansk_Swibno,54.33642227756871,18.935767171098096,9.601,10.62857142857143,L5
2007-06-19,Gdansk_Swibno,54.33642227756871,18.935767171098096,20.648,22.67142857142857,L7
2007-07-29,Gdansk_Swibno,54.33642227756871,18.935767171098096,19.807,19.828571428571426,L5
2007-08-05,Gdansk_Swibno,54.33642227756871,18.935767171098096,19.27,19.6,L5
2007-08-14,Gdansk_Swibno,54.33642227756871,18.935767171098096,22.216,22.67142857142857,L5
2007-09-15,Gdansk_Swibno,54.33642227756871,18.935767171098096,14.345,14.442857142857145,L5
2007-09-23,Gdansk_Swibno,54.33642227756871,18.935767171098096,14.338,13.728571428571428,L7
2008-05-11,Gdansk_Swibno,54.33642227756871,18.935767171098096,17.325,16.228571428571428,L7
2008-05-12,Gdansk_Swibno,54.33642227756871,18.935767171098096,18.354,16.45714285714286,L5
2008-05-19,Gdansk_Swibno,54.33642227756871,18.935767171098096,14.492,16.928571428571427,L5
2008-05-20,Gdansk_Swibno,54.33642227756871,18.935767171098096,17.322,17.042857142857144,L7
2008-05-27,Gdansk_Swibno,54.33642227756871,18.935767171098096,15.849,17.442857142857143,L7
2008-06-05,Gdansk_Swibno,54.33642227756871,18.935767171098096,20.542,19.3,L7
2008-06-21,Gdansk_Swibno,54.33642227756871,18.935767171098096,21.676,19.91428571428571,L7
2008-07-23,Gdansk_Swibno,54.33642227756871,18.935767171098096,20.401,20.942857142857143,L7
2008-07-31,Gdansk_Swibno,54.33642227756871,18.935767171098096,22.657,22.385714285714283,L5
2008-08-07,Gdansk_Swibno,54.33642227756871,18.935767171098096,19.796,21.2,L5
2008-09-25,Gdansk_Swibno,54.33642227756871,18.935767171098096,12.837,13.1,L7
2009-05-14,Gdansk_Swibno,54.33642227756871,18.935767171098096,15.251,16.071428571428573,L7
2009-05-15,Gdansk_Swibno,54.33642227756871,18.935767171098096,13.853,16.185714285714287,L5
2009-05-23,Gdansk_Swibno,54.33642227756871,18.935767171098096,17.404,18.15714285714286,L7
2009-05-31,Gdansk_Swibno,54.33642227756871,18.935767171098096,16.512,18.15714285714286,L5
2009-06-15,Gdansk_Swibno,54.33642227756871,18.935767171098096,17.407,17.78571428571429,L7
2009-06-23,Gdansk_Swibno,54.33642227756871,18.935767171098096,17.524,18.571428571428577,L5
2009-07-17,Gdansk_Swibno,54.33642227756871,18.935767171098096,23.05,22.642857142857142,L7
2009-08-03,Gdansk_Swibno,54.33642227756871,18.935767171098096,23.929,21.942857142857147,L5
2009-08-18,Gdansk_Swibno,54.33642227756871,18.935767171098096,18.692,19.62857142857143,L7
2009-08-27,Gdansk_Swibno,54.33642227756871,18.935767171098096,19.848,20.74285714285714,L7
2009-09-04,Gdansk_Swibno,54.33642227756871,18.935767171098096,18.952,19.085714285714285,L5
2009-09-19,Gdansk_Swibno,54.33642227756871,18.935767171098096,14.393,16.185714285714287,L7
2009-09-20,Gdansk_Swibno,54.33642227756871,18.935767171098096,17.107,16.071428571428573,L5
2009-09-27,Gdansk_Swibno,54.33642227756871,18.935767171098096,15.756,14.757142857142854,L5
2009-10-06,Gdansk_Swibno,54.33642227756871,18.935767171098096,11.163,11.000000000000002,L5
2010-06-10,Gdansk_Swibno,54.33642227756871,18.935767171098096,19.879,20.314285714285717,L5
2010-06-11,Gdansk_Swibno,54.33642227756871,18.935767171098096,20.689,20.24285714285714,L7
2010-06-18,Gdansk_Swibno,54.33642227756871,18.935767171098096,21.01,19.057142857142857,L7
2010-06-27,Gdansk_Swibno,54.33642227756871,18.935767171098096,20.046,20.342857142857145,L7
2010-07-04,Gdansk_Swibno,54.33642227756871,18.935767171098096,19.909,21.74285714285714,L7
2010-07-12,Gdansk_Swibno,54.33642227756871,18.935767171098096,26.301,23.87142857142857,L5
2010-07-13,Gdansk_Swibno,54.33642227756871,18.935767171098096,26.868,24.27142857142857,L7
2010-07-21,Gdansk_Swibno,54.33642227756871,18.935767171098096,24.961,24.72857142857143,L5
2010-08-05,Gdansk_Swibno,54.33642227756871,18.935767171098096,22.531,21.642857142857142,L7
2010-09-07,Gdansk_Swibno,54.33642227756871,18.935767171098096,12.557,15.9,L5
2010-09-30,Gdansk_Swibno,54.33642227756871,18.935767171098096,13.138,12.571428571428571,L5
2010-10-09,Gdansk_Swibno,54.33642227756871,18.935767171098096,9.218,10.285714285714286,L5
2011-05-20,Gdansk_Swibno,54.33642227756871,18.935767171098096,17.544,16.8,L7
2011-05-21,Gdansk_Swibno,54.33642227756871,18.935767171098096,18.224,16.771428571428572,L5
2011-06-06,Gdansk_Swibno,54.33642227756871,18.935767171098096,22.815,22.599999999999994,L5
2011-06-29,Gdansk_Swibno,54.33642227756871,18.935767171098096,20.788,21.4,L5
2011-06-30,Gdansk_Swibno,54.33642227756871,18.935767171098096,22.756,21.557142857142857,L7
2011-07-15,Gdansk_Swibno,54.33642227756871,18.935767171098096,22.165,21.542857142857144,L5
2011-07-24,Gdansk_Swibno,54.33642227756871,18.935767171098096,20.699,21.142857142857142,L5
2011-08-09,Gdansk_Swibno,54.33642227756871,18.935767171098096,20.613,20.442857142857143,L5
2011-08-16,Gdansk_Swibno,54.33642227756871,18.935767171098096,19.793,19.88571428571429,L5
2011-08-17,Gdansk_Swibno,54.33642227756871,18.935767171098096,20.463,20.24285714285714,L7
2011-09-02,Gdansk_Swibno,54.33642227756871,18.935767171098096,19.612,19.72857142857143,L7
2011-09-10,Gdansk_Swibno,54.33642227756871,18.935767171098096,16.819,18.04285714285714,L5
2011-11-05,Gdansk_Swibno,54.33642227756871,18.935767171098096,7.861,8.485714285714284,L7
2011-11-12,Gdansk_Swibno,54.33642227756871,18.935767171098096,4.597,6.014285714285714,L7
2012-05-22,Gdansk_Swibno,54.33642227756871,18.935767171098096,21.184,17.942857142857143,L7
2012-07-02,Gdansk_Swibno,54.33642227756871,18.935767171098096,22.548,20.957142857142856,L7
2012-07-09,Gdansk_Swibno,54.33642227756871,18.935767171098096,26.356,23.642857142857142,L7
2012-07-25,Gdansk_Swibno,54.33642227756871,18.935767171098096,22.712,20.957142857142856,L7
2012-08-10,Gdansk_Swibno,54.33642227756871,18.935767171098096,20.795,21.3,L7
2012-09-11,Gdansk_Swibno,54.33642227756871,18.935767171098096,18.73,17.8,L7
2012-09-20,Gdansk_Swibno,54.33642227756871,18.935767171098096,18.005,16.357142857142858,L7
2012-10-29,Gdansk_Swibno,54.33642227756871,18.935767171098096,6.367,7.385714285714284,L7
2013-05-01,Gdansk_Swibno,54.33642227756871,18.935767171098096,14.478,13.575,L8
2013-05-17,Gdansk_Swibno,54.33642227756871,18.935767171098096,19.793,18.814285714285717,L8
2013-06-10,Gdansk_Swibno,54.33642227756871,18.935767171098096,19.509,19.814285714285717,L7
2013-06-18,Gdansk_Swibno,54.33642227756871,18.935767171098096,20.842,21.6,L8
2013-06-27,Gdansk_Swibno,54.33642227756871,18.935767171098096,20.654,22.542857142857144,L8
2013-07-20,Gdansk_Swibno,54.33642227756871,18.935767171098096,21.772,21.357142857142858,L8
2013-07-21,Gdansk_Swibno,54.33642227756871,18.935767171098096,21.97,21.37142857142857,L7
2013-08-05,Gdansk_Swibno,54.33642227756871,18.935767171098096,27.145,23.571428571428573,L8
2013-09-06,Gdansk_Swibno,54.33642227756871,18.935767171098096,19.212,17.87142857142857,L8
2013-09-07,Gdansk_Swibno,54.33642227756871,18.935767171098096,18.621,17.97142857142857,L7
2013-10-08,Gdansk_Swibno,54.33642227756871,18.935767171098096,11.713,11.214285714285714,L8
2013-10-16,Gdansk_Swibno,54.33642227756871,18.935767171098096,11.176,11.585714285714284,L7
2013-10-25,Gdansk_Swibno,54.33642227756871,18.935767171098096,11.286,11.757142857142856,L7
2014-05-20,Gdansk_Swibno,54.33642227756871,18.935767171098096,18.853,16.514285714285716,L8
2014-05-21,Gdansk_Swibno,54.33642227756871,18.935767171098096,19.12,17.22857142857143,L7
2014-07-07,Gdansk_Swibno,54.33642227756871,18.935767171098096,24.373,22.24285714285714,L8
2014-07-08,Gdansk_Swibno,54.33642227756871,18.935767171098096,25.252,22.814285714285717,L7
2014-07-23,Gdansk_Swibno,54.33642227756871,18.935767171098096,24.442,23.928571428571438,L8
2014-07-24,Gdansk_Swibno,54.33642227756871,18.935767171098096,23.857,23.8,L7
2014-08-16,Gdansk_Swibno,54.33642227756871,18.935767171098096,20.244,22.07142857142857,L7
2014-08-24,Gdansk_Swibno,54.33642227756871,18.935767171098096,19.253,18.62857142857143,L8
2014-08-25,Gdansk_Swibno,54.33642227756871,18.935767171098096,16.57,18.428571428571427,L7
2014-09-17,Gdansk_Swibno,54.33642227756871,18.935767171098096,18.969,18.714285714285715,L7
2014-09-18,Gdansk_Swibno,54.33642227756871,18.935767171098096,19.014,18.7,L8
2014-10-03,Gdansk_Swibno,54.33642227756871,18.935767171098096,14.683,14.685714285714283,L7
2014-10-04,Gdansk_Swibno,54.33642227756871,18.935767171098096,14.912,14.37142857142857,L8
2015-05-07,Gdansk_Swibno,54.33642227756871,18.935767171098096,16.638,15.12857142857143,L8
2015-05-15,Gdansk_Swibno,54.33642227756871,18.935767171098096,16.255,16.02857142857143,L7
2015-05-24,Gdansk_Swibno,54.33642227756871,18.935767171098096,16.703,16.785714285714285,L7
2015-06-17,Gdansk_Swibno,54.33642227756871,18.935767171098096,21.406,20.685714285714287,L8
2015-07-02,Gdansk_Swibno,54.33642227756871,18.935767171098096,21.488,21.542857142857144,L7
2015-07-03,Gdansk_Swibno,54.33642227756871,18.935767171098096,23.83,22.31428571428572,L8
2015-08-03,Gdansk_Swibno,54.33642227756871,18.935767171098096,20.217,20.24285714285714,L7
2015-08-04,Gdansk_Swibno,54.33642227756871,18.935767171098096,23.242,20.95714285714286,L8
2015-08-11,Gdansk_Swibno,54.33642227756871,18.935767171098096,24.855,25.042857142857144,L8
2015-08-19,Gdansk_Swibno,54.33642227756871,18.935767171098096,21.888,22.02857142857143,L7
2015-08-20,Gdansk_Swibno,54.33642227756871,18.935767171098096,22.5,21.61428571428571,L8
2015-09-05,Gdansk_Swibno,54.33642227756871,18.935767171098096,19.981,19.5,L8
2015-10-06,Gdansk_Swibno,54.33642227756871,18.935767171098096,13.292,13.157142857142857,L7
2015-10-07,Gdansk_Swibno,54.33642227756871,18.935767171098096,12.048,12.8,L8
2015-10-22,Gdansk_Swibno,54.33642227756871,18.935767171098096,7.946,9.214285714285714,L7
2016-05-02,Gdansk_Swibno,54.33642227756871,18.935767171098096,13.941,13.32,L8
2016-05-10,Gdansk_Swibno,54.33642227756871,18.935767171098096,18.597,17.371428571428574,L7
2016-05-25,Gdansk_Swibno,54.33642227756871,18.935767171098096,20.172,19.542857142857144,L8
2016-06-03,Gdansk_Swibno,54.33642227756871,18.935767171098096,24.007,22.728571428571428,L8
2016-06-18,Gdansk_Swibno,54.33642227756871,18.935767171098096,20.388,20.685714285714287,L7
2016-07-20,Gdansk_Swibno,54.33642227756871,18.935767171098096,21.174,21.12857142857143,L7
2016-07-21,Gdansk_Swibno,54.33642227756871,18.935767171098096,22.24,21.22857142857143,L8
2016-09-06,Gdansk_Swibno,54.33642227756871,18.935767171098096,19.438,20.47142857142857,L7
2016-09-07,Gdansk_Swibno,54.33642227756871,18.935767171098096,20.501,20.485714285714284,L8
2016-09-14,Gdansk_Swibno,54.33642227756871,18.935767171098096,21.704,21.8,L8
2016-09-15,Gdansk_Swibno,54.33642227756871,18.935767171098096,20.494,21.61428571428572,L7
2016-10-16,Gdansk_Swibno,54.33642227756871,18.935767171098096,8.162,10.12857142857143,L8
2017-05-12,Gdansk_Swibno,54.33642227756871,18.935767171098096,12.957,13.0,L8
2017-05-20,Gdansk_Swibno,54.33642227756871,18.935767171098096,19.769,18.314285714285717,L7
2017-05-21,Gdansk_Swibno,54.33642227756871,18.935767171098096,19.954,18.842857142857145,L8
2017-05-28,Gdansk_Swibno,54.33642227756871,18.935767171098096,21.263,20.6,L8
2017-07-16,Gdansk_Swibno,54.33642227756871,18.935767171098096,21.547,21.9,L7
2017-08-09,Gdansk_Swibno,54.33642227756871,18.935767171098096,22.63,23.142857142857142,L8
2017-08-24,Gdansk_Swibno,54.33642227756871,18.935767171098096,19.612,20.685714285714287,L7
2017-08-25,Gdansk_Swibno,54.33642227756871,18.935767171098096,19.732,20.5,L8
2017-09-25,Gdansk_Swibno,54.33642227756871,18.935767171098096,15.244,16.085714285714285,L7
2017-09-26,Gdansk_Swibno,54.33642227756871,18.935767171098096,15.568,15.871428571428572,L8
2017-11-04,Gdansk_Swibno,54.33642227756871,18.935767171098096,3.882,9.042857142857144,L8
2017-11-12,Gdansk_Swibno,54.33642227756871,18.935767171098096,6.849,7.957142857142856,L7
2018-05-07,Gdansk_Swibno,54.33642227756871,18.935767171098096,17.944,18.057142857142857,L7
2018-05-08,Gdansk_Swibno,54.33642227756871,18.935767171098096,18.997,18.542857142857144,L8
2018-05-23,Gdansk_Swibno,54.33642227756871,18.935767171098096,18.809,19.385714285714283,L7
2018-05-24,Gdansk_Swibno,54.33642227756871,18.935767171098096,20.316,19.814285714285717,L8
2018-05-31,Gdansk_Swibno,54.33642227756871,18.935767171098096,23.997,23.37142857142857,L8
2018-06-01,Gdansk_Swibno,54.33642227756871,18.935767171098096,22.907,23.785714285714285,L7
2018-06-08,Gdansk_Swibno,54.33642227756871,18.935767171098096,22.828,23.67142857142857,L7
2018-06-17,Gdansk_Swibno,54.33642227756871,18.935767171098096,22.746,22.885714285714283,L7
2018-06-24,Gdansk_Swibno,54.33642227756871,18.935767171098096,19.622,21.4,L7
2018-07-18,Gdansk_Swibno,54.33642227756871,18.935767171098096,21.861,21.85714285714286,L8
2018-07-26,Gdansk_Swibno,54.33642227756871,18.935767171098096,24.431,24.685714285714283,L7
2018-07-27,Gdansk_Swibno,54.33642227756871,18.935767171098096,26.506,25.02857142857143,L8
2018-08-03,Gdansk_Swibno,54.33642227756871,18.935767171098096,27.145,26.4,L8
2018-08-04,Gdansk_Swibno,54.33642227756871,18.935767171098096,25.361,26.32857142857143,L7
2018-09-29,Gdansk_Swibno,54.33642227756871,18.935767171098096,13.709,13.3,L8
2018-10-06,Gdansk_Swibno,54.33642227756871,18.935767171098096,12.424,12.042857142857144,L8
2018-10-14,Gdansk_Swibno,54.33642227756871,18.935767171098096,13.842,12.771428571428572,L7
2018-10-15,Gdansk_Swibno,54.33642227756871,18.935767171098096,14.259,12.828571428571427,L8
2018-10-31,Gdansk_Swibno,54.33642227756871,18.935767171098096,9.122,8.228571428571428,L8
2018-11-08,Gdansk_Swibno,54.33642227756871,18.935767171098096,6.418,8.771428571428572,L7
2019-05-03,Gdansk_Swibno,54.33642227756871,18.935767171098096,12.885,13.716666666666669,L7
2019-05-10,Gdansk_Swibno,54.33642227756871,18.935767171098096,11.409,13.37142857142857,L7
2019-06-03,Gdansk_Swibno,54.33642227756871,18.935767171098096,21.273,19.4,L8
2019-06-12,Gdansk_Swibno,54.33642227756871,18.935767171098096,25.993,23.871428571428567,L8
2019-06-19,Gdansk_Swibno,54.33642227756871,18.935767171098096,25.173,24.585714285714285,L8
2019-06-20,Gdansk_Swibno,54.33642227756871,18.935767171098096,26.92,24.5,L7
2019-06-28,Gdansk_Swibno,54.33642227756871,18.935767171098096,25.088,24.485714285714288,L8
2019-07-13,Gdansk_Swibno,54.33642227756871,18.935767171098096,18.293,19.214285714285715,L7
2019-07-14,Gdansk_Swibno,54.33642227756871,18.935767171098096,20.306,19.62857142857143,L8
2019-07-29,Gdansk_Swibno,54.33642227756871,18.935767171098096,23.659,23.11428571428571,L7
2019-08-14,Gdansk_Swibno,54.33642227756871,18.935767171098096,19.779,21.857142857142858,L7
2019-08-15,Gdansk_Swibno,54.33642227756871,18.935767171098096,21.618,21.742857142857144,L8
2019-08-22,Gdansk_Swibno,54.33642227756871,18.935767171098096,21.659,21.27142857142857,L8
2019-08-23,Gdansk_Swibno,54.33642227756871,18.935767171098096,22.028,21.4,L7
2019-08-30,Gdansk_Swibno,54.33642227756871,18.935767171098096,24.619,23.3,L7
2019-09-24,Gdansk_Swibno,54.33642227756871,18.935767171098096,14.218,14.042857142857144,L7
2019-11-10,Gdansk_Swibno,54.33642227756871,18.935767171098096,7.768,8.657142857142857,L8
2019-11-19,Gdansk_Swibno,54.33642227756871,18.935767171098096,6.818,7.285714285714286,L8
2020-05-21,Gdansk_Swibno,54.33642227756871,18.935767171098096,14.252,14.62857142857143,L7
2020-05-29,Gdansk_Swibno,54.33642227756871,18.935767171098096,16.891,15.52857142857143,L8
2020-06-06,Gdansk_Swibno,54.33642227756871,18.935767171098096,17.633,17.642857142857146,L7
2020-06-14,Gdansk_Swibno,54.33642227756871,18.935767171098096,21.666,19.65714285714285,L8
2020-07-15,Gdansk_Swibno,54.33642227756871,18.935767171098096,21.379,21.22857142857143,L7
2020-08-01,Gdansk_Swibno,54.33642227756871,18.935767171098096,21.499,22.057142857142857,L8
2020-08-09,Gdansk_Swibno,54.33642227756871,18.935767171098096,24.975,23.571428571428573,L7
2020-08-16,Gdansk_Swibno,54.33642227756871,18.935767171098096,24.777,24.357142857142858,L7
2020-09-01,Gdansk_Swibno,54.33642227756871,18.935767171098096,19.034,19.2,L7
2020-09-09,Gdansk_Swibno,54.33642227756871,18.935767171098096,17.547,17.54285714285714,L8
2020-09-18,Gdansk_Swibno,54.33642227756871,18.935767171098096,18.245,17.928571428571427,L8
2020-09-25,Gdansk_Swibno,54.33642227756871,18.935767171098096,18.583,18.142857142857142,L8
2020-10-11,Gdansk_Swibno,54.33642227756871,18.935767171098096,13.101,14.514285714285714,L8
2020-11-04,Gdansk_Swibno,54.33642227756871,18.935767171098096,6.329,10.94285714285714,L7
2021-05-07,Gdansk_Swibno,54.33642227756871,18.935767171098096,9.812,11.114285714285714,L8
2021-05-31,Gdansk_Swibno,54.33642227756871,18.935767171098096,16.05,17.214285714285715,L7
2021-06-01,Gdansk_Swibno,54.33642227756871,18.935767171098096,17.024,17.485714285714284,L8
2021-06-08,Gdansk_Swibno,54.33642227756871,18.935767171098096,22.452,20.714285714285715,L8
2021-06-09,Gdansk_Swibno,54.33642227756871,18.935767171098096,21.413,21.1,L7
2021-06-17,Gdansk_Swibno,54.33642227756871,18.935767171098096,23.406,22.557142857142857,L8
2021-07-18,Gdansk_Swibno,54.33642227756871,18.935767171098096,26.007,25.071428571428573,L7
2021-08-12,Gdansk_Swibno,54.33642227756871,18.935767171098096,21.772,21.628571428571423,L7
2021-09-05,Gdansk_Swibno,54.33642227756871,18.935767171098096,17.295,17.55714285714286,L8
2021-10-23,Gdansk_Swibno,54.33642227756871,18.935767171098096,9.512,10.071428571428571,L8
2021-10-30,Gdansk_Swibno,54.33642227756871,18.935767171098096,7.881,9.085714285714284,L8
2021-10-31,Gdansk_Swibno,54.33642227756871,18.935767171098096,8.893,9.05714285714286,unassigned
2022-05-02,Gdansk_Swibno,54.33642227756871,18.935767171098096,13.883,13.14,L9
2022-05-10,Gdansk_Swibno,54.33642227756871,18.935767171098096,15.924,15.771428571428572,L8
2022-05-15,Gdansk_Swibno,54.33642227756871,18.935767171098096,16.983,17.271428571428572,L7
2022-05-18,Gdansk_Swibno,54.33642227756871,18.935767171098096,17.267,17.571428571428573,L9
2022-05-27,Gdansk_Swibno,54.33642227756871,18.935767171098096,16.587,17.67142857142857,L9
2022-06-03,Gdansk_Swibno,54.33642227756871,18.935767171098096,16.932,17.02857142857143,L9
2022-06-11,Gdansk_Swibno,54.33642227756871,18.935767171098096,22.175,20.957142857142856,L8
2022-06-25,Gdansk_Swibno,54.33642227756871,18.935767171098096,23.467,22.37142857142857,L7
2022-06-27,Gdansk_Swibno,54.33642227756871,18.935767171098096,27.494,23.514285714285712,L8
2022-07-05,Gdansk_Swibno,54.33642227756871,18.935767171098096,23.847,23.957142857142856,unassigned
2022-07-05,Gdansk_Swibno,54.33642227756871,18.935767171098096,24.855,23.957142857142856,unassigned
2022-07-14,Gdansk_Swibno,54.33642227756871,18.935767171098096,19.691,20.7,L9
2022-07-21,Gdansk_Swibno,54.33642227756871,18.935767171098096,24.691,22.057142857142857,L9
2022-07-30,Gdansk_Swibno,54.33642227756871,18.935767171098096,19.458,20.95714285714286,L9
2022-08-14,Gdansk_Swibno,54.33642227756871,18.935767171098096,22.449,22.985714285714288,L8
2022-08-15,Gdansk_Swibno,54.33642227756871,18.935767171098096,24.226,23.442857142857143,L9
2022-09-06,Gdansk_Swibno,54.33642227756871,18.935767171098096,18.142,18.557142857142853,L7
2022-09-07,Gdansk_Swibno,54.33642227756871,18.935767171098096,18.19,18.15714285714286,L9
2022-09-23,Gdansk_Swibno,54.33642227756871,18.935767171098096,13.565,14.271428571428572,L9
2022-10-02,Gdansk_Swibno,54.33642227756871,18.935767171098096,12.984,13.671428571428573,L9
2022-10-09,Gdansk_Swibno,54.33642227756871,18.935767171098096,12.673,12.514285714285714,L9
2022-10-10,Gdansk_Swibno,54.33642227756871,18.935767171098096,14.136,12.385714285714284,unassigned
2022-10-10,Gdansk_Swibno,54.33642227756871,18.935767171098096,12.704,12.385714285714284,unassigned
2022-10-25,Gdansk_Swibno,54.33642227756871,18.935767171098096,11.969,11.671428571428573,L9
2022-11-03,Gdansk_Swibno,54.33642227756871,18.935767171098096,11.378,11.314285714285717,L9
2023-05-05,Gdansk_Swibno,54.33642227756871,18.935767171098096,13.388,13.342857142857142,unassigned
2023-05-05,Gdansk_Swibno,54.33642227756871,18.935767171098096,13.261,13.342857142857142,unassigned
2023-05-10,Gdansk_Swibno,54.33642227756871,18.935767171098096,15.374,14.471428571428572,L7
2023-05-13,Gdansk_Swibno,54.33642227756871,18.935767171098096,16.874,15.44285714285714,L8
2023-05-14,Gdansk_Swibno,54.33642227756871,18.935767171098096,17.876,15.57142857142857,L9
2023-05-21,Gdansk_Swibno,54.33642227756871,18.935767171098096,17.26,16.485714285714288,L9
2023-05-22,Gdansk_Swibno,54.33642227756871,18.935767171098096,18.204,16.97142857142857,unassigned
2023-05-22,Gdansk_Swibno,54.33642227756871,18.935767171098096,17.599,16.97142857142857,unassigned
2023-05-27,Gdansk_Swibno,54.33642227756871,18.935767171098096,17.681,18.7,L7
2023-05-29,Gdansk_Swibno,54.33642227756871,18.935767171098096,19.403,18.95714285714286,L8
2023-05-30,Gdansk_Swibno,54.33642227756871,18.935767171098096,20.268,19.071428571428573,L9
2023-06-01,Gdansk_Swibno,54.33642227756871,18.935767171098096,19.82,19.15714285714285,L7
2023-06-06,Gdansk_Swibno,54.33642227756871,18.935767171098096,22.603,20.057142857142857,L9
2023-06-07,Gdansk_Swibno,54.33642227756871,18.935767171098096,23.478,20.514285714285712,L8
2023-07-08,Gdansk_Swibno,54.33642227756871,18.935767171098096,24.568,22.257142857142856,L9
2023-07-09,Gdansk_Swibno,54.33642227756871,18.935767171098096,24.165,22.61428571428572,L8
2023-07-17,Gdansk_Swibno,54.33642227756871,18.935767171098096,25.549,23.414285714285715,L9
2023-07-24,Gdansk_Swibno,54.33642227756871,18.935767171098096,20.521,21.38571428571429,L9
2023-08-23,Gdansk_Swibno,54.33642227756871,18.935767171098096,23.737,23.885714285714283,L7
2023-08-28,Gdansk_Swibno,54.33642227756871,18.935767171098096,22.893,22.45714285714286,L7
2023-09-02,Gdansk_Swibno,54.33642227756871,18.935767171098096,18.836,20.32857142857143,unassigned
2023-09-02,Gdansk_Swibno,54.33642227756871,18.935767171098096,19.622,20.32857142857143,unassigned
2023-09-10,Gdansk_Swibno,54.33642227756871,18.935767171098096,22.818,22.071428571428573,L9
2023-09-11,Gdansk_Swibno,54.33642227756871,18.935767171098096,23.587,22.2,L8
2023-09-18,Gdansk_Swibno,54.33642227756871,18.935767171098096,19.988,20.314285714285717,L8
2023-09-24,Gdansk_Swibno,54.33642227756871,18.935767171098096,19.147,19.357142857142858,L7
2023-09-27,Gdansk_Swibno,54.33642227756871,18.935767171098096,20.039,19.185714285714287,L8
2000-05-05,Torun,53.00778078839108,18.6076215275837,18.501,18.228571428571428,L7
2000-05-13,Torun,53.00778078839108,18.6076215275837,16.789,17.428571428571423,L5
2000-05-14,Torun,53.00778078839108,18.6076215275837,15.562,17.557142857142857,L7
2000-06-14,Torun,53.00778078839108,18.6076215275837,21.68,21.51428571428572,L5
2000-07-24,Torun,53.00778078839108,18.6076215275837,20.114,18.3,L7
2000-08-02,Torun,53.00778078839108,18.6076215275837,21.509,20.01428571428572,L7
2000-08-18,Torun,53.00778078839108,18.6076215275837,23.813,21.51428571428572,L7
2000-10-21,Torun,53.00778078839108,18.6076215275837,11.149,11.671428571428573,L7
2001-05-01,Torun,53.00778078839108,18.6076215275837,15.196,13.6,L7
2001-05-08,Torun,53.00778078839108,18.6076215275837,18.836,16.942857142857143,L7
2001-05-09,Torun,53.00778078839108,18.6076215275837,17.831,17.142857142857142,L5
2001-05-24,Torun,53.00778078839108,18.6076215275837,19.0,16.75714285714286,L7
2001-07-12,Torun,53.00778078839108,18.6076215275837,20.419,21.914285714285715,L5
2001-07-28,Torun,53.00778078839108,18.6076215275837,21.239,22.485714285714284,L5
2001-08-12,Torun,53.00778078839108,18.6076215275837,21.564,20.842857142857145,L7
2001-08-20,Torun,53.00778078839108,18.6076215275837,22.661,22.67142857142857,L5
2001-10-08,Torun,53.00778078839108,18.6076215275837,15.815,14.028571428571428,L7
2001-10-24,Torun,53.00778078839108,18.6076215275837,10.619,11.142857142857142,L7
2001-10-31,Torun,53.00778078839108,18.6076215275837,9.375,8.885714285714284,L7
2001-11-16,Torun,53.00778078839108,18.6076215275837,3.892,4.057142857142857,L7
2001-11-17,Torun,53.00778078839108,18.6076215275837,1.927,3.742857142857143,L5
2001-11-25,Torun,53.00778078839108,18.6076215275837,2.508,3.0142857142857147,L7
2002-05-04,Torun,53.00778078839108,18.6076215275837,17.295,15.885714285714286,L7
2002-05-11,Torun,53.00778078839108,18.6076215275837,22.681,19.38571428571429,L7
2002-06-05,Torun,53.00778078839108,18.6076215275837,20.371,18.514285714285712,L7
2002-07-14,Torun,53.00778078839108,18.6076215275837,28.102,22.828571428571426,L7
2002-08-08,Torun,53.00778078839108,18.6076215275837,24.213,23.300000000000004,L7
2002-08-24,Torun,53.00778078839108,18.6076215275837,22.456,22.185714285714283,L7
2002-09-09,Torun,53.00778078839108,18.6076215275837,21.912,20.728571428571428,L7
2002-09-25,Torun,53.00778078839108,18.6076215275837,13.989,13.928571428571429,L7
2003-05-30,Torun,53.00778078839108,18.6076215275837,20.579,20.157142857142865,L7
2003-08-11,Torun,53.00778078839108,18.6076215275837,21.827,22.628571428571423,L7
2003-09-20,Torun,53.00778078839108,18.6076215275837,17.554,16.95714285714286,L5
2003-09-28,Torun,53.00778078839108,18.6076215275837,15.1,15.07142857142857,L7
2003-10-06,Torun,53.00778078839108,18.6076215275837,13.914,13.400000000000002,L5
2003-11-06,Torun,53.00778078839108,18.6076215275837,4.203,5.128571428571428,L7
2003-11-15,Torun,53.00778078839108,18.6076215275837,1.243,4.1,L7
2004-05-24,Torun,53.00778078839108,18.6076215275837,12.714,13.485714285714286,L5
2004-06-01,Torun,53.00778078839108,18.6076215275837,16.259,16.02857142857143,L7
2004-07-04,Torun,53.00778078839108,18.6076215275837,18.959,18.914285714285715,L5
2004-07-11,Torun,53.00778078839108,18.6076215275837,19.81,19.214285714285715,L5
2004-08-12,Torun,53.00778078839108,18.6076215275837,19.506,21.428571428571427,L5
2004-08-21,Torun,53.00778078839108,18.6076215275837,21.868,21.24285714285714,L5
2004-09-06,Torun,53.00778078839108,18.6076215275837,19.571,19.11428571428571,L5
2004-11-16,Torun,53.00778078839108,18.6076215275837,6.312,6.885714285714286,L5
2005-05-19,Torun,53.00778078839108,18.6076215275837,13.456,13.428571428571429,L7
2005-05-20,Torun,53.00778078839108,18.6076215275837,14.543,13.771428571428572,L5
2005-05-27,Torun,53.00778078839108,18.6076215275837,19.15,18.428571428571427,L5
2005-05-28,Torun,53.00778078839108,18.6076215275837,20.918,19.32857142857143,L7
2005-06-21,Torun,53.00778078839108,18.6076215275837,19.639,19.585714285714285,L5
2005-06-29,Torun,53.00778078839108,18.6076215275837,21.307,21.085714285714285,L7
2005-07-14,Torun,53.00778078839108,18.6076215275837,24.25,23.514285714285712,L5
2005-07-30,Torun,53.00778078839108,18.6076215275837,22.216,21.67142857142857,L5
2005-08-08,Torun,53.00778078839108,18.6076215275837,18.289,20.3,L5
2005-08-24,Torun,53.00778078839108,18.6076215275837,21.953,20.485714285714288,L5
2005-09-01,Torun,53.00778078839108,18.6076215275837,20.938,20.571428571428573,L7
2005-09-08,Torun,53.00778078839108,18.6076215275837,21.516,20.842857142857145,L7
2005-09-09,Torun,53.00778078839108,18.6076215275837,21.683,20.914285714285715,L5
2005-09-24,Torun,53.00778078839108,18.6076215275837,17.059,16.6,L7
2005-09-25,Torun,53.00778078839108,18.6076215275837,17.517,16.47142857142857,L5
2005-10-10,Torun,53.00778078839108,18.6076215275837,14.365,13.957142857142856,L7
2006-05-07,Torun,53.00778078839108,18.6076215275837,16.481,15.42857142857143,L5
2006-05-22,Torun,53.00778078839108,18.6076215275837,18.679,16.857142857142854,L7
2006-05-23,Torun,53.00778078839108,18.6076215275837,18.576,16.871428571428574,L5
2006-07-02,Torun,53.00778078839108,18.6076215275837,23.82,23.528571428571432,L7
2006-07-17,Torun,53.00778078839108,18.6076215275837,21.492,23.08571428571429,L5
2006-07-25,Torun,53.00778078839108,18.6076215275837,24.701,24.22857142857143,L7
2006-07-26,Torun,53.00778078839108,18.6076215275837,24.414,24.31428571428572,L5
2006-09-11,Torun,53.00778078839108,18.6076215275837,17.048,17.042857142857144,L7
2006-09-12,Torun,53.00778078839108,18.6076215275837,17.773,16.985714285714288,L5
2006-09-19,Torun,53.00778078839108,18.6076215275837,19.663,17.485714285714288,L5
2006-10-05,Torun,53.00778078839108,18.6076215275837,16.69,16.585714285714282,L5
2007-05-02,Torun,53.00778078839108,18.6076215275837,8.743,13.12,L7
2007-05-25,Torun,53.00778078839108,18.6076215275837,21.943,20.97142857142857,L7
2007-06-10,Torun,53.00778078839108,18.6076215275837,24.049,22.457142857142856,L7
2007-06-11,Torun,53.00778078839108,18.6076215275837,22.808,22.67142857142857,L5
2007-08-14,Torun,53.00778078839108,18.6076215275837,21.003,21.985714285714288,L5
2007-08-21,Torun,53.00778078839108,18.6076215275837,20.422,21.685714285714283,L5
2007-09-14,Torun,53.00778078839108,18.6076215275837,15.674,14.999999999999998,L7
2007-09-15,Torun,53.00778078839108,18.6076215275837,14.922,14.871428571428568,L5
2007-09-23,Torun,53.00778078839108,18.6076215275837,12.027,14.285714285714286,L7
2007-10-01,Torun,53.00778078839108,18.6076215275837,14.29,14.87142857142857,L5
2007-10-09,Torun,53.00778078839108,18.6076215275837,13.063,13.214285714285714,L7
2008-05-11,Torun,53.00778078839108,18.6076215275837,17.264,16.185714285714283,L7
2008-05-28,Torun,53.00778078839108,18.6076215275837,13.801,16.628571428571426,L5
2008-07-31,Torun,53.00778078839108,18.6076215275837,24.066,22.628571428571423,L5
2008-08-31,Torun,53.00778078839108,18.6076215275837,19.902,19.17142857142857,L7
2008-09-25,Torun,53.00778078839108,18.6076215275837,12.451,12.571428571428571,L7
2008-10-11,Torun,53.00778078839108,18.6076215275837,7.7,12.242857142857144,L7
2009-05-14,Torun,53.00778078839108,18.6076215275837,15.589,15.44285714285714,L7
2009-06-23,Torun,53.00778078839108,18.6076215275837,16.659,18.814285714285717,L5
2009-07-17,Torun,53.00778078839108,18.6076215275837,23.526,22.12857142857143,L7
2009-07-18,Torun,53.00778078839108,18.6076215275837,24.021,22.27142857142857,L5
2009-08-02,Torun,53.00778078839108,18.6076215275837,21.068,21.928571428571427,L7
2009-09-12,Torun,53.00778078839108,18.6076215275837,19.342,18.74285714285714,L7
2009-09-19,Torun,53.00778078839108,18.6076215275837,16.426,17.985714285714284,L7
2009-09-20,Torun,53.00778078839108,18.6076215275837,16.252,17.928571428571427,L5
2009-10-05,Torun,53.00778078839108,18.6076215275837,12.848,13.171428571428567,L7
2009-11-06,Torun,53.00778078839108,18.6076215275837,4.528,5.014285714285714,L7
2010-05-02,Torun,53.00778078839108,18.6076215275837,13.812,14.0,L5
2010-06-11,Torun,53.00778078839108,18.6076215275837,21.827,19.885714285714283,L7
2010-06-18,Torun,53.00778078839108,18.6076215275837,22.193,20.514285714285712,L7
2010-06-27,Torun,53.00778078839108,18.6076215275837,17.424,18.857142857142858,L7
2010-07-04,Torun,53.00778078839108,18.6076215275837,24.312,22.4,L7
2010-07-12,Torun,53.00778078839108,18.6076215275837,25.655,24.414285714285715,L5
2010-07-21,Torun,53.00778078839108,18.6076215275837,26.629,25.5,L5
2010-08-22,Torun,53.00778078839108,18.6076215275837,24.158,22.071428571428573,L5
2010-09-07,Torun,53.00778078839108,18.6076215275837,15.063,15.171428571428573,L5
2010-09-23,Torun,53.00778078839108,18.6076215275837,13.634,14.45714285714286,L5
2010-10-09,Torun,53.00778078839108,18.6076215275837,6.986,9.585714285714287,L5
2010-10-17,Torun,53.00778078839108,18.6076215275837,8.445,8.442857142857143,L7
2011-05-20,Torun,53.00778078839108,18.6076215275837,19.284,18.057142857142857,L7
2011-06-05,Torun,53.00778078839108,18.6076215275837,24.534,22.414285714285715,L7
2011-06-06,Torun,53.00778078839108,18.6076215275837,24.92,22.757142857142856,L5
2011-06-22,Torun,53.00778078839108,18.6076215275837,21.441,21.071428571428577,L5
2011-06-29,Torun,53.00778078839108,18.6076215275837,21.464,20.914285714285715,L5
2011-07-08,Torun,53.00778078839108,18.6076215275837,21.376,19.314285714285717,L5
2011-07-15,Torun,53.00778078839108,18.6076215275837,23.29,22.27142857142857,L5
2011-09-17,Torun,53.00778078839108,18.6076215275837,16.474,17.485714285714288,L5
2011-09-18,Torun,53.00778078839108,18.6076215275837,16.635,17.214285714285715,L7
2011-11-12,Torun,53.00778078839108,18.6076215275837,5.02,6.314285714285715,L7
2012-05-22,Torun,53.00778078839108,18.6076215275837,18.484,17.728571428571428,L7
2012-07-25,Torun,53.00778078839108,18.6076215275837,23.293,20.885714285714283,L7
2012-09-04,Torun,53.00778078839108,18.6076215275837,18.207,19.285714285714285,L7
2012-09-11,Torun,53.00778078839108,18.6076215275837,20.463,17.871428571428574,L7
2012-09-20,Torun,53.00778078839108,18.6076215275837,15.756,15.685714285714283,L7
2013-05-01,Torun,53.00778078839108,18.6076215275837,15.695,13.65,L8
2013-05-17,Torun,53.00778078839108,18.6076215275837,20.049,18.742857142857144,L8
2013-06-19,Torun,53.00778078839108,18.6076215275837,24.982,22.02857142857143,L7
2013-07-04,Torun,53.00778078839108,18.6076215275837,22.541,21.04285714285714,L8
2013-07-20,Torun,53.00778078839108,18.6076215275837,23.43,21.17142857142857,L8
2013-07-28,Torun,53.00778078839108,18.6076215275837,24.336,22.457142857142856,L7
2013-08-05,Torun,53.00778078839108,18.6076215275837,25.46,23.87142857142857,L8
2013-08-06,Torun,53.00778078839108,18.6076215275837,27.415,24.15714285714285,L7
2013-08-14,Torun,53.00778078839108,18.6076215275837,20.596,21.742857142857144,L8
2013-09-06,Torun,53.00778078839108,18.6076215275837,20.248,17.728571428571424,L8
2013-09-07,Torun,53.00778078839108,18.6076215275837,19.024,17.757142857142856,L7
2013-10-01,Torun,53.00778078839108,18.6076215275837,12.294,11.1,L8
2013-10-09,Torun,53.00778078839108,18.6076215275837,10.366,9.942857142857145,L7
2013-11-10,Torun,53.00778078839108,18.6076215275837,5.981,8.757142857142856,L7
2014-05-20,Torun,53.00778078839108,18.6076215275837,18.932,16.271428571428572,L8
2014-06-06,Torun,53.00778078839108,18.6076215275837,18.463,18.028571428571432,L7
2014-06-14,Torun,53.00778078839108,18.6076215275837,19.984,21.085714285714285,L8
2014-07-07,Torun,53.00778078839108,18.6076215275837,25.006,22.02857142857143,L8
2014-07-08,Torun,53.00778078839108,18.6076215275837,20.135,22.52857142857143,L7
2014-07-16,Torun,53.00778078839108,18.6076215275837,24.11,22.928571428571423,L8
2014-08-08,Torun,53.00778078839108,18.6076215275837,27.75,24.314285714285717,L8
2014-08-09,Torun,53.00778078839108,18.6076215275837,25.607,24.228571428571428,L7
2014-08-25,Torun,53.00778078839108,18.6076215275837,16.225,18.085714285714285,L7
2014-09-18,Torun,53.00778078839108,18.6076215275837,19.755,18.228571428571428,L8
2014-10-03,Torun,53.00778078839108,18.6076215275837,14.522,14.171428571428573,L7
2014-10-04,Torun,53.00778078839108,18.6076215275837,15.131,14.0,L8
2014-10-19,Torun,53.00778078839108,18.6076215275837,13.733,13.885714285714288,L7
2015-05-24,Torun,53.00778078839108,18.6076215275837,18.193,16.314285714285717,L7
2015-07-02,Torun,53.00778078839108,18.6076215275837,21.119,20.642857142857142,L7
2015-07-03,Torun,53.00778078839108,18.6076215275837,24.766,21.385714285714283,L8
2015-08-03,Torun,53.00778078839108,18.6076215275837,22.507,20.78571428571428,L7
2015-08-04,Torun,53.00778078839108,18.6076215275837,25.734,21.385714285714283,L8
2015-08-11,Torun,53.00778078839108,18.6076215275837,26.95,24.242857142857144,L8
2015-08-20,Torun,53.00778078839108,18.6076215275837,23.211,21.45714285714286,L8
2015-09-05,Torun,53.00778078839108,18.6076215275837,17.964,18.728571428571428,L8
2015-09-28,Torun,53.00778078839108,18.6076215275837,15.773,15.071428571428571,L8
2016-05-02,Torun,53.00778078839108,18.6076215275837,14.399,12.56,L8
2016-05-09,Torun,53.00778078839108,18.6076215275837,19.961,16.099999999999998,L8
2016-05-26,Torun,53.00778078839108,18.6076215275837,19.082,19.2,L7
2016-06-03,Torun,53.00778078839108,18.6076215275837,25.245,21.942857142857143,L8
2016-06-26,Torun,53.00778078839108,18.6076215275837,25.105,23.371428571428574,L8
2016-06-27,Torun,53.00778078839108,18.6076215275837,23.666,23.61428571428572,L7
2016-09-07,Torun,53.00778078839108,18.6076215275837,21.871,20.642857142857142,L8
2016-09-14,Torun,53.00778078839108,18.6076215275837,23.382,20.971428571428568,L8
2016-09-15,Torun,53.00778078839108,18.6076215275837,21.639,20.742857142857144,L7
2016-09-22,Torun,53.00778078839108,18.6076215275837,16.081,16.985714285714288,L7
2017-05-12,Torun,53.00778078839108,18.6076215275837,14.266,12.571428571428571,L8
2017-05-20,Torun,53.00778078839108,18.6076215275837,20.251,18.0,L7
2017-05-28,Torun,53.00778078839108,18.6076215275837,22.705,19.9,L8
2017-05-29,Torun,53.00778078839108,18.6076215275837,22.832,20.142857142857142,L7
2017-08-08,Torun,53.00778078839108,18.6076215275837,23.355,22.91428571428571,L7
2017-08-09,Torun,53.00778078839108,18.6076215275837,24.701,22.985714285714284,L8
2017-11-12,Torun,53.00778078839108,18.6076215275837,6.791,6.757142857142858,L7
2018-05-07,Torun,53.00778078839108,18.6076215275837,18.61,18.142857142857142,L7
2018-05-08,Torun,53.00778078839108,18.6076215275837,21.485,18.485714285714284,L8
2018-05-24,Torun,53.00778078839108,18.6076215275837,22.028,19.52857142857143,L8
2018-05-31,Torun,53.00778078839108,18.6076215275837,24.965,22.67142857142857,L8
2018-06-01,Torun,53.00778078839108,18.6076215275837,24.927,23.057142857142853,L7
2018-06-08,Torun,53.00778078839108,18.6076215275837,24.483,22.85714285714285,L7
2018-07-26,Torun,53.00778078839108,18.6076215275837,25.395,24.142857142857142,L7
2018-08-03,Torun,53.00778078839108,18.6076215275837,29.367,25.942857142857143,L8
2018-08-04,Torun,53.00778078839108,18.6076215275837,26.889,25.928571428571427,L7
2018-08-20,Torun,53.00778078839108,18.6076215275837,24.835,22.87142857142857,L7
2018-09-05,Torun,53.00778078839108,18.6076215275837,18.108,20.6,L7
2018-09-12,Torun,53.00778078839108,18.6076215275837,21.499,20.37142857142857,L7
2018-09-20,Torun,53.00778078839108,18.6076215275837,23.16,19.31428571428572,L8
2018-09-21,Torun,53.00778078839108,18.6076215275837,19.94,18.95714285714286,L7
2018-09-29,Torun,53.00778078839108,18.6076215275837,14.977,13.528571428571428,L8
2018-10-06,Torun,53.00778078839108,18.6076215275837,13.791,11.7,L8
2018-10-07,Torun,53.00778078839108,18.6076215275837,13.586,11.671428571428567,L7
2018-10-14,Torun,53.00778078839108,18.6076215275837,13.473,12.257142857142856,L7
2018-10-15,Torun,53.00778078839108,18.6076215275837,14.721,12.3,L8
2018-10-31,Torun,53.00778078839108,18.6076215275837,9.696,8.72857142857143,L8
2018-11-07,Torun,53.00778078839108,18.6076215275837,9.324,8.857142857142856,L8
2019-05-10,Torun,53.00778078839108,18.6076215275837,13.374,13.242857142857142,L7
2019-06-03,Torun,53.00778078839108,18.6076215275837,22.702,19.457142857142856,L8
2019-06-04,Torun,53.00778078839108,18.6076215275837,22.545,20.242857142857144,L7
2019-06-11,Torun,53.00778078839108,18.6076215275837,26.168,23.828571428571426,L7
2019-06-12,Torun,53.00778078839108,18.6076215275837,29.172,24.12857142857143,L8
2019-06-20,Torun,53.00778078839108,18.6076215275837,27.002,24.528571428571432,L7
2019-08-15,Torun,53.00778078839108,18.6076215275837,23.208,21.74285714285714,L8
2019-08-30,Torun,53.00778078839108,18.6076215275837,21.324,23.214285714285715,L7
2019-08-31,Torun,53.00778078839108,18.6076215275837,25.758,23.028571428571432,L8
2019-09-24,Torun,53.00778078839108,18.6076215275837,12.256,14.014285714285716,L7
2020-05-05,Torun,53.00778078839108,18.6076215275837,14.201,13.957142857142856,L7
2020-05-13,Torun,53.00778078839108,18.6076215275837,13.049,14.814285714285717,L8
2020-05-20,Torun,53.00778078839108,18.6076215275837,16.426,14.185714285714283,L8
2020-05-29,Torun,53.00778078839108,18.6076215275837,17.79,15.071428571428571,L8
2020-06-13,Torun,53.00778078839108,18.6076215275837,21.656,19.585714285714285,L7
2020-06-14,Torun,53.00778078839108,18.6076215275837,23.857,20.185714285714287,L8
2020-07-24,Torun,53.00778078839108,18.6076215275837,22.049,21.685714285714283,L7
2020-08-01,Torun,53.00778078839108,18.6076215275837,22.804,22.085714285714285,L8
2020-08-08,Torun,53.00778078839108,18.6076215275837,26.527,22.857142857142858,L8
2020-08-16,Torun,53.00778078839108,18.6076215275837,24.319,23.82857142857143,L7
2020-09-18,Torun,53.00778078839108,18.6076215275837,16.153,17.599999999999998,L8
2020-10-03,Torun,53.00778078839108,18.6076215275837,16.577,15.785714285714286,L7
2020-10-11,Torun,53.00778078839108,18.6076215275837,13.319,13.657142857142858,L8
2020-10-28,Torun,53.00778078839108,18.6076215275837,10.708,10.8,L7
2020-11-28,Torun,53.00778078839108,18.6076215275837,3.824,5.333333333333333,L8
2021-05-15,Torun,53.00778078839108,18.6076215275837,16.108,14.842857142857143,L7
2021-05-24,Torun,53.00778078839108,18.6076215275837,17.349,17.142857142857142,L7
2021-05-31,Torun,53.00778078839108,18.6076215275837,16.375,16.914285714285715,L7
2021-06-08,Torun,53.00778078839108,18.6076215275837,24.031,19.385714285714283,L8
2021-06-09,Torun,53.00778078839108,18.6076215275837,22.548,19.885714285714283,L7
2021-06-17,Torun,53.00778078839108,18.6076215275837,25.026,21.457142857142856,L8
2021-07-11,Torun,53.00778078839108,18.6076215275837,24.828,25.17142857142857,L7
2021-09-05,Torun,53.00778078839108,18.6076215275837,19.051,17.599999999999998,L8
2021-10-30,Torun,53.00778078839108,18.6076215275837,9.115,9.457142857142856,L8
2021-10-31,Torun,53.00778078839108,18.6076215275837,7.574,9.371428571428572,unassigned
2021-11-10,Torun,53.00778078839108,18.6076215275837,6.873,8.071428571428571,L7
2022-05-02,Torun,53.00778078839108,18.6076215275837,15.91,13.38,L9
2022-05-10,Torun,53.00778078839108,18.6076215275837,16.662,16.400000000000002,unassigned
2022-05-10,Torun,53.00778078839108,18.6076215275837,18.716,16.400000000000002,unassigned
2022-05-18,Torun,53.00778078839108,18.6076215275837,18.819,17.514285714285712,L9
2022-05-19,Torun,53.00778078839108,18.6076215275837,20.494,17.728571428571424,L8
2022-05-26,Torun,53.00778078839108,18.6076215275837,18.976,16.999999999999996,L8
2022-06-04,Torun,53.00778078839108,18.6076215275837,21.047,17.4,L8
2022-06-11,Torun,53.00778078839108,18.6076215275837,22.989,20.842857142857135,L8
2022-06-25,Torun,53.00778078839108,18.6076215275837,23.546,21.75714285714286,L7
2022-06-27,Torun,53.00778078839108,18.6076215275837,26.882,23.02857142857143,L8
2022-07-14,Torun,53.00778078839108,18.6076215275837,23.132,20.685714285714287,L9
2022-07-21,Torun,53.00778078839108,18.6076215275837,26.903,21.942857142857143,L9
2022-07-22,Torun,53.00778078839108,18.6076215275837,27.593,22.27142857142857,L8
2022-08-07,Torun,53.00778078839108,18.6076215275837,23.57,22.071428571428577,L8
2022-08-14,Torun,53.00778078839108,18.6076215275837,26.598,23.02857142857143,L8
2022-08-30,Torun,53.00778078839108,18.6076215275837,23.04,23.385714285714283,L8
2022-09-06,Torun,53.00778078839108,18.6076215275837,19.359,19.942857142857143,L7
2022-09-08,Torun,53.00778078839108,18.6076215275837,19.728,19.0,L8
2022-09-23,Torun,53.00778078839108,18.6076215275837,13.367,13.757142857142858,unassigned
2022-09-23,Torun,53.00778078839108,18.6076215275837,14.567,13.757142857142858,unassigned
2022-10-01,Torun,53.00778078839108,18.6076215275837,11.713,13.1,L8
2022-10-10,Torun,53.00778078839108,18.6076215275837,11.973,12.228571428571428,unassigned
2022-10-10,Torun,53.00778078839108,18.6076215275837,12.81,12.228571428571428,unassigned
2022-10-27,Torun,53.00778078839108,18.6076215275837,8.189,11.871428571428572,L7
2022-11-18,Torun,53.00778078839108,18.6076215275837,4.901,7.542857142857142,L8
2023-05-27,Torun,53.00778078839108,18.6076215275837,18.269,19.557142857142857,L7
2023-05-29,Torun,53.00778078839108,18.6076215275837,20.89,20.27142857142857,L8
2023-05-30,Torun,53.00778078839108,18.6076215275837,21.622,20.45714285714286,L9
2023-06-06,Torun,53.00778078839108,18.6076215275837,22.869,21.4,L9
2023-06-07,Torun,53.00778078839108,18.6076215275837,24.78,21.77142857142857,L8
2023-06-18,Torun,53.00778078839108,18.6076215275837,19.12,21.228571428571428,L7
2023-06-22,Torun,53.00778078839108,18.6076215275837,21.799,22.87142857142857,L9
2023-07-01,Torun,53.00778078839108,18.6076215275837,26.021,22.37142857142857,L9
2023-07-08,Torun,53.00778078839108,18.6076215275837,26.872,22.428571428571427,L9
2023-07-09,Torun,53.00778078839108,18.6076215275837,23.761,22.785714285714285,L8
2023-07-10,Torun,53.00778078839108,18.6076215275837,25.064,22.985714285714288,L7
2023-07-27,Torun,53.00778078839108,18.6076215275837,20.371,21.585714285714285,L7
2023-08-02,Torun,53.00778078839108,18.6076215275837,21.519,21.185714285714283,L9
2023-08-18,Torun,53.00778078839108,18.6076215275837,28.759,23.885714285714283,L9
2023-09-02,Torun,53.00778078839108,18.6076215275837,19.872,21.285714285714285,unassigned
2023-09-02,Torun,53.00778078839108,18.6076215275837,22.62,21.285714285714285,unassigned
2023-09-03,Torun,53.00778078839108,18.6076215275837,22.832,21.214285714285715,L9
2023-09-10,Torun,53.00778078839108,18.6076215275837,24.049,22.02857142857143,L9
2023-09-11,Torun,53.00778078839108,18.6076215275837,24.083,22.17142857142857,L8
2023-09-18,Torun,53.00778078839108,18.6076215275837,23.474,20.685714285714287,L8
2023-09-27,Torun,53.00778078839108,18.6076215275837,20.709,19.257142857142856,L8
2023-09-29,Torun,53.00778078839108,18.6076215275837,19.267,18.91428571428571,L7
2023-11-30,Torun,53.00778078839108,18.6076215275837,-0.421,2.775,L8
2024-05-07,Torun,53.00778078839108,18.6076215275837,16.273,16.47142857142857,L9
2024-05-15,Torun,53.00778078839108,18.6076215275837,20.706,17.5,L8
2024-06-01,Torun,53.00778078839108,18.6076215275837,25.867,22.071428571428573,L9
2024-06-08,Torun,53.00778078839108,18.6076215275837,24.172,21.757142857142856,L9
2024-06-17,Torun,53.00778078839108,18.6076215275837,24.199,21.11428571428572,L9
2024-06-25,Torun,53.00778078839108,18.6076215275837,23.621,22.042857142857144,L8
2024-07-18,Torun,53.00778078839108,18.6076215275837,26.838,24.442857142857147,L8
2024-08-03,Torun,53.00778078839108,18.6076215275837,22.569,22.67142857142857,L8
2024-08-11,Torun,53.00778078839108,18.6076215275837,23.792,22.242857142857144,L9
2024-08-12,Torun,53.00778078839108,18.6076215275837,24.038,22.185714285714283,L8
2024-08-20,Torun,53.00778078839108,18.6076215275837,22.856,22.74285714285714,L9
2024-08-27,Torun,53.00778078839108,18.6076215275837,23.228,22.442857142857143,L9
2024-08-28,Torun,53.00778078839108,18.6076215275837,24.845,22.61428571428572,L8
2024-09-04,Torun,53.00778078839108,18.6076215275837,26.434,22.31428571428572,L8
2024-09-20,Torun,53.00778078839108,18.6076215275837,20.217,18.357142857142858,L8
2024-09-21,Torun,53.00778078839108,18.6076215275837,19.67,18.38571428571429,L9
2024-09-29,Torun,53.00778078839108,18.6076215275837,16.126,16.914285714285715,L8
2024-10-15,Torun,53.00778078839108,18.6076215275837,8.79,11.914285714285713,L8
