Month,Year,LST,Coverage
May,2000,21.6,100
May,2001,17.5,100
May,2002,22.1,89
May,2003,19.6,90
May,2004,15.2,52
May,2005,19.8,100
May,2006,18.9,92
May,2007,20.6,95
May,2008,17.8,99
May,2009,18.7,99
May,2010,17.5,41
May,2011,21.8,94
May,2012,22.5,84
May,2013,22.5,79
May,2014,19.6,98
May,2015,18.6,73
May,2016,20.7,97
May,2017,20.3,98
May,2018,23.6,98
May,2019,17.5,31
May,2020,16.7,85
May,2021,17.4,97
May,2022,19.9,100
May,2023,19.3,97
May,2024,20.9,99
June,2000,21.1,52
June,2001,20.1,78
June,2002,23.4,92
June,2003,19.8,26
June,2004,18.3,70
June,2005,20.4,92
June,2006,24.4,89
June,2007,25.3,98
June,2008,24.1,83
June,2009,20.1,74
June,2010,21.9,99
June,2011,25.4,89
June,2012,23.6,69
June,2013,24.7,98
June,2014,22.1,83
June,2015,22.0,93
June,2016,24.5,92
June,2017,23.5,70
June,2018,26.8,94
June,2019,25.8,100
June,2020,21.8,63
June,2021,25.1,100
June,2022,25.0,100
June,2023,23.6,100
June,2024,24.4,98
July,2000,22.8,71
July,2001,22.4,100
July,2002,25.9,85
July,2003,25.7,81
July,2004,22.8,84
July,2005,23.5,56
July,2006,26.7,100
July,2007,26.4,67
July,2008,23.6,77
July,2009,23.0,95
July,2010,28.5,100
July,2011,23.3,95
July,2012,27.7,89
July,2013,25.1,96
July,2014,25.1,83
July,2015,27.3,100
July,2016,24.6,83
July,2017,24.0,88
July,2018,25.9,91
July,2019,24.7,72
July,2020,22.7,94
July,2021,25.7,95
July,2022,25.5,94
July,2023,25.1,99
July,2024,26.1,96
August,2000,22.3,91
August,2001,22.3,97
August,2002,24.5,99
August,2003,26.8,88
August,2004,20.9,92
August,2005,21.4,55
August,2006,24.7,31
August,2007,25.1,94
August,2008,22.8,73
August,2009,23.2,98
August,2010,24.8,91
August,2011,23.0,93
August,2012,23.1,42
August,2013,26.9,99
August,2014,24.5,94
August,2015,28.1,100
August,2016,23.7,85
August,2017,26.9,99
August,2018,25.2,100
August,2019,24.5,100
August,2020,26.5,99
August,2021,22.6,87
August,2022,25.8,100
August,2023,25.1,98
August,2024,27.0,100
September,2000,16.3,30
September,2001,18.6,6
September,2002,19.6,60
September,2003,21.1,97
September,2004,21.2,75
September,2005,20.3,98
September,2006,19.4,98
September,2007,16.9,85
September,2008,19.7,94
September,2009,19.3,97
September,2010,16.4,98
September,2011,19.6,98
September,2012,18.8,59
September,2013,21.1,87
September,2014,19.5,96
September,2015,20.4,81
September,2016,23.0,100
September,2017,15.3,76
September,2018,19.5,93
September,2019,24.6,56
September,2020,18.9,100
September,2021,17.2,97
September,2022,18.5,97
September,2023,22.6,100
September,2024,21.8,100
October,2000,13.0,93
October,2001,12.8,65
October,2002,7.3,7
October,2003,5.9,23
October,2004,11.7,55
October,2005,10.9,88
October,2006,13.9,62
October,2007,13.8,43
October,2008,14.2,25
October,2009,8.8,52
October,2010,10.1,96
October,2011,11.4,34
October,2012,12.8,51
October,2013,11.3,73
October,2014,12.7,95
October,2015,12.7,54
October,2016,13.7,28
October,2017,11.7,27
October,2018,14.7,100
October,2019,13.8,78
October,2020,12.8,77
October,2021,10.1,99
October,2022,12.7,95
October,2023,15.8,47
October,2024,12.2,84
November,2000,8.9,14
November,2001,3.4,83
November,2002,3.6,28
November,2003,4.1,14
November,2004,7.1,29
November,2005,-1.5,14
November,2006,8.3,56
November,2007,1.8,1
November,2008,2.8,8
November,2009,4.8,13
November,2010,6.3,32
November,2011,6.7,79
November,2012,5.6,4
November,2013,5.1,72
November,2014,6.6,50
November,2015,5.3,53
November,2016,2.7,19
November,2017,6.3,28
November,2018,6.8,71
November,2019,7.4,24
November,2020,4.7,36
November,2021,8.6,94
November,2022,8.0,78
November,2023,6.9,84
November,2024,7.2,61
