Date,Satellite_LST_Celsius
2000-05-05,18.467
2000-05-13,16.484
2000-05-14,18.245
2000-05-30,18.744
2000-06-22,25.146
2000-07-16,18.891
2000-08-18,22.367
2000-10-21,11.019
2000-11-06,8.148
2001-05-01,14.611
2001-05-08,15.22
2001-05-09,15.302
2001-05-24,18.17
2001-05-25,17.53
2001-06-25,15.828
2001-07-04,22.199
2001-07-27,22.042
2001-07-28,22.329
2001-08-12,16.659
2001-08-29,20.008
2001-09-06,19.236
2001-10-24,10.031
2002-05-04,19.021
2002-05-11,21.013
2002-06-05,20.644
2002-07-14,20.907
2002-08-08,22.35
2002-08-15,23.379
2002-08-24,23.18
2002-09-09,21.089
2002-09-25,13.295
2002-11-12,2.843
2003-05-30,18.057
2003-07-09,19.239
2003-07-18,23.652
2003-08-03,24.893
2003-08-26,18.429
2003-09-27,13.459
2004-05-01,13.931
2004-05-16,14.396
2004-05-17,15.623
2004-06-01,13.538
2004-07-20,19.65
2004-08-12,21.205
2004-08-21,21.321
2004-08-29,20.032
2004-09-06,19.239
2004-10-07,14.745
2004-11-16,5.769
2005-05-19,13.835
2005-05-20,14.164
2005-05-27,20.75
2005-05-28,20.268
2005-06-21,17.325
2005-07-06,23.505
2005-07-07,23.293
2005-07-14,24.667
2005-07-30,23.539
2005-09-09,22.353
2005-09-25,16.778
2006-05-07,15.715
2006-05-22,17.185
2006-05-23,16.789
2006-06-16,19.202
2006-07-10,26.862
2006-07-17,20.829
2006-07-26,25.135
2006-09-12,18.32
2006-10-21,9.601
2007-06-18,16.56
2007-06-19,20.648
2007-07-29,19.807
2007-08-05,19.27
2007-08-14,22.216
2007-09-15,14.345
2007-09-23,14.338
2008-05-11,17.325
2008-05-12,18.354
2008-05-19,14.492
2008-05-20,17.322
2008-05-27,15.849
2008-06-05,20.542
2008-06-21,21.676
2008-07-23,20.401
2008-07-31,22.657
2008-08-07,19.796
2008-09-25,12.837
2009-05-14,15.251
2009-05-15,13.853
2009-05-23,17.404
2009-05-31,16.512
2009-06-15,17.407
2009-06-23,17.524
2009-07-17,23.05
2009-08-03,23.929
2009-08-18,18.692
2009-08-27,19.848
2009-09-04,18.952
2009-09-19,14.393
2009-09-20,17.107
2009-09-27,15.756
2009-10-06,11.163
2010-06-10,19.879
2010-06-11,20.689
2010-06-18,21.01
2010-06-27,20.046
2010-07-04,19.909
2010-07-12,26.301
2010-07-13,26.868
2010-07-21,24.961
2010-08-05,22.531
2010-08-14,17.247
2010-08-22,14.967
2010-09-07,12.557
2010-09-30,13.138
2010-10-09,9.218
2011-05-20,17.544
2011-05-21,18.224
2011-06-06,22.815
2011-06-29,20.788
2011-06-30,22.756
2011-07-15,22.165
2011-07-24,20.699
2011-08-09,20.613
2011-08-16,19.793
2011-08-17,20.463
2011-09-01,16.317
2011-09-02,19.612
2011-09-10,16.819
2011-11-05,7.861
2011-11-12,4.597
2012-05-22,21.184
2012-07-02,22.548
2012-07-09,26.356
2012-07-25,22.712
2012-08-10,20.795
2012-09-11,18.73
2012-09-20,18.005
2012-10-29,6.367
2013-05-01,14.478
2013-05-17,19.793
2013-06-10,19.509
2013-06-18,20.842
2013-06-19,19.246
2013-06-27,20.654
2013-07-20,21.772
2013-07-21,21.97
2013-08-05,27.145
2013-09-06,19.212
2013-09-07,18.621
2013-10-08,11.713
2013-10-16,11.176
2013-10-25,11.286
2014-05-20,18.853
2014-05-21,19.12
2014-07-07,24.373
2014-07-08,25.252
2014-07-23,24.442
2014-07-24,23.857
2014-08-16,20.244
2014-08-24,19.253
2014-08-25,16.57
2014-09-02,11.952
2014-09-17,18.969
2014-09-18,19.014
2014-10-03,14.683
2014-10-04,14.912
2015-05-07,16.638
2015-05-15,16.255
2015-05-24,16.703
2015-06-17,21.406
2015-07-02,21.488
2015-07-03,23.83
2015-08-03,20.217
2015-08-04,23.242
2015-08-11,24.855
2015-08-19,21.888
2015-08-20,22.5
2015-09-05,19.981
2015-10-06,13.292
2015-10-07,12.048
2015-10-22,7.946
2016-05-02,13.941
2016-05-10,18.597
2016-05-25,20.172
2016-06-03,24.007
2016-06-18,20.388
2016-07-20,21.174
2016-07-21,22.24
2016-09-06,19.438
2016-09-07,20.501
2016-09-14,21.704
2016-09-15,20.494
2016-10-16,8.162
2017-05-12,12.957
2017-05-20,19.769
2017-05-21,19.954
2017-05-28,21.263
2017-07-16,21.547
2017-08-09,22.63
2017-08-24,19.612
2017-08-25,19.732
2017-09-25,15.244
2017-09-26,15.568
2017-11-04,3.882
2017-11-12,6.849
2018-05-07,17.944
2018-05-08,18.997
2018-05-23,18.809
2018-05-24,20.316
2018-05-31,23.997
2018-06-01,22.907
2018-06-08,22.828
2018-06-09,20.535
2018-06-17,22.746
2018-06-24,19.622
2018-07-18,21.861
2018-07-26,24.431
2018-07-27,26.506
2018-08-03,27.145
2018-08-04,25.361
2018-09-29,13.709
2018-10-06,12.424
2018-10-14,13.842
2018-10-15,14.259
2018-10-31,9.122
2018-11-08,6.418
2019-05-03,12.885
2019-05-10,11.409
2019-06-03,21.273
2019-06-12,25.993
2019-06-19,25.173
2019-06-20,26.92
2019-06-28,25.088
2019-07-13,18.293
2019-07-14,20.306
2019-07-21,15.387
2019-07-29,23.659
2019-08-14,19.779
2019-08-15,21.618
2019-08-22,21.659
2019-08-23,22.028
2019-08-30,24.619
2019-08-31,21.071
2019-09-24,14.218
2019-11-10,7.768
2019-11-19,6.818
2020-05-21,14.252
2020-05-29,16.891
2020-06-06,17.633
2020-06-14,21.666
2020-07-15,21.379
2020-08-01,21.499
2020-08-08,20.067
2020-08-09,24.975
2020-08-16,24.777
2020-09-01,19.034
2020-09-09,17.547
2020-09-18,18.245
2020-09-25,18.583
2020-10-11,13.101
2020-10-19,4.795
2020-11-04,6.329
2021-05-07,9.812
2021-05-31,16.05
2021-06-01,17.024
2021-06-08,22.452
2021-06-09,21.413
2021-06-17,23.406
2021-07-18,26.007
2021-08-12,21.772
2021-09-05,17.295
2021-10-23,9.512
2021-10-30,7.881
2021-10-31,8.893
2022-05-02,13.883
2022-05-10,15.924
2022-05-15,16.983
2022-05-18,17.267
2022-05-27,16.587
2022-06-03,16.932
2022-06-11,22.175
2022-06-25,23.467
2022-06-27,27.494
2022-07-05,23.847
2022-07-05,24.855
2022-07-14,19.691
2022-07-21,24.691
2022-07-30,19.458
2022-08-14,22.449
2022-08-15,24.226
2022-09-06,18.142
2022-09-07,18.19
2022-09-23,13.565
2022-10-02,12.984
2022-10-09,12.673
2022-10-10,14.136
2022-10-10,12.704
2022-10-25,11.969
2022-11-03,11.378
2023-05-05,13.388
2023-05-05,13.261
2023-05-10,15.374
2023-05-13,16.874
2023-05-14,17.876
2023-05-21,17.26
2023-05-22,18.204
2023-05-22,17.599
2023-05-27,17.681
2023-05-29,19.403
2023-05-30,20.268
2023-06-01,19.82
2023-06-06,22.603
2023-06-07,23.478
2023-07-08,24.568
2023-07-09,24.165
2023-07-17,25.549
2023-07-24,20.521
2023-08-23,23.737
2023-08-28,22.893
2023-09-02,18.836
2023-09-02,19.622
2023-09-10,22.818
2023-09-11,23.587
2023-09-18,19.988
2023-09-24,19.147
2023-09-27,20.039
2023-11-21,3.718
2024-05-07,16.143
2024-05-08,15.907
2024-05-15,18.706
2024-05-16,18.761
2024-06-01,23.85
2024-06-17,21.919
2024-06-25,21.858
2024-07-10,22.411
2024-08-03,23.194
2024-08-27,22.374
2024-08-28,23.242
2024-09-04,22.685
2024-09-20,19.643
2024-09-21,19.667
2024-10-15,11.979
2024-10-23,9.043
